Timestamp,Host,Error_Type,Severity,Message
Oct 10 09:06:39,rpki.afrinic.net,seqnum_gap,MEDIUM,Oct 10 09:06:39 rpki-client: .rrdp/2A58FCECAC1BEAAECDB0232275D0A971B146A47C3E64FEF2FA46A24F5F6B1821/rpki.afrinic.net/repository/member_repository/F368F2D0/7F4A98EA6E0511E89C0D6E4BF8AEA228/JdY-COq-fPpnhdTB1tNBFt4Vs9w.mft: seqnum gap detected #D8AB -> #D8B3
Oct 10 09:06:46,rpki.afrinic.net,seqnum_gap,MEDIUM,Oct 10 09:06:46 rpki-client: .rrdp/2A58FCECAC1BEAAECDB0232275D0A971B146A47C3E64FEF2FA46A24F5F6B1821/rpki.afrinic.net/repository/member_repository/F368F2D0/92F86E1C6E0511E8A1B5854BF8AEA228/eX2I2BPiD_-YLMdBnpabrqa_1ps.mft: seqnum gap detected #C916 -> #C918
Oct 10 09:09:57,ca.rg.net,seqnum_gap,MEDIUM,Oct 10 09:09:57 rpki-client: .rrdp/73885635ED28814800212D730AE80581FC5112C4B5804A08D55D6BDA2AFA1615/ca.rg.net/rpki/RGnet-OU/bW-_qXU9uNhGQz21NR2ansB8lr0.mft: seqnum gap detected #014DEB -> #014DED
Oct 10 09:10:09,rpki.ripe.net,seqnum_gap,MEDIUM,Oct 10 09:10:09 rpki-client: .rrdp/21D6592469DBE79FEB2922562764FD193170F173229298B9A4443FFB5C282000/rpki.ripe.net/repository/DEFAULT/86/6c0bf7-5f13-44a2-9989-8c9581d96d8f/1/WIXohML8enXRLdHepJziNJxHBn4.mft: seqnum gap detected #17A8 -> #17AA
Oct 10 09:10:18,krill.47272.net,seqnum_gap,MEDIUM,Oct 10 09:10:18 rpki-client: .rrdp/578363498B9B82561B5363A019C78F882685E2124A61654CCAC1DC7030CD570E/krill.47272.net/repo/HYEHOST/0/4ADD5466723084490EF491C619B8BC61A328A8B6.mft: seqnum gap detected #0458 -> #045B
Oct 10 09:10:24,chloe.sobornost.net,seqnum_gap,MEDIUM,Oct 10 09:10:24 rpki-client: .rrdp/436FC6BD7B32853E42FCE5FD95B31D5E3EC1C32C46B7518C2067D568E7EAC119/chloe.sobornost.net/rpki/RIPE-nljobsnijders/yqgF26w2R0m5sRVZCrbvD5cM29g.mft: seqnum gap detected #023FB7 -> #023FBB
Oct 10 09:11:43,rpki.apnic.net,seqnum_gap,MEDIUM,Oct 10 09:11:43 rpki-client: .rrdp/F7EF354526A351ADC35929CDBB4916D9B23091DB047D79B72E1608CF8109E1F6/rpki.apnic.net/member_repository/A914BC7A/4C528F78450311E2BDCA1F732979BB20/UxLzmab36w3c1RwDn4P3t6R6Xwk.mft: seqnum gap detected #34FF -> #3501
Oct 10 09:11:44,rpki.apnic.net,seqnum_gap,MEDIUM,Oct 10 09:11:44 rpki-client: .rrdp/F7EF354526A351ADC35929CDBB4916D9B23091DB047D79B72E1608CF8109E1F6/rpki.apnic.net/member_repository/A914781A/D52142701D9B11E2B821FD8908B02CD2/TXI5VSQ66I1VJDmvjk4KCcj2WQ0.mft: seqnum gap detected #3509 -> #350B
Oct 10 09:11:46,rpki.apnic.net,seqnum_gap,MEDIUM,Oct 10 09:11:46 rpki-client: .rrdp/F7EF354526A351ADC35929CDBB4916D9B23091DB047D79B72E1608CF8109E1F6/rpki.apnic.net/member_repository/A91B3247/32044BFE71EE11F093C22E18C4F9AE02/Ddq78x7saHZu9mmvlzUkDDiZNFk.mft: seqnum gap detected #2B -> #2D
Oct 10 09:11:58,krill.47272.net,seqnum_gap,MEDIUM,Oct 10 09:11:58 rpki-client: .rrdp/578363498B9B82561B5363A019C78F882685E2124A61654CCAC1DC7030CD570E/krill.47272.net/repo/HYEHOST/5/C3CF41898936CB9C573DB1EAAB94C6E669951FD7.mft: seqnum gap detected #0454 -> #0457
Oct 10 09:17:25,rpki.cnnic.cn,seqnum_gap,MEDIUM,Oct 10 09:17:25 rpki-client: .rrdp/B8F24A9D701C0FA9BC46D97164BAF1C97CC608A7211B021A0CC972EA5BFCD2AC/rpki.cnnic.cn/rpki/A9162E3D0000/76/LiZtw-rYDrJdSYWKZNwe8cihuUI.mft: seqnum gap detected #0E08 -> #0E0A
Oct 10 09:17:26,rpki.cnnic.cn,seqnum_gap,MEDIUM,Oct 10 09:17:26 rpki-client: .rrdp/B8F24A9D701C0FA9BC46D97164BAF1C97CC608A7211B021A0CC972EA5BFCD2AC/rpki.cnnic.cn/rpki/A9162E3D0000/1663/iuTPeLSd8LLB0p0y5IqUOuT0Gsw.mft: seqnum gap detected #3A18 -> #3A1A
Oct 10 09:17:26,rpki.cnnic.cn,seqnum_gap,MEDIUM,Oct 10 09:17:26 rpki-client: .rrdp/B8F24A9D701C0FA9BC46D97164BAF1C97CC608A7211B021A0CC972EA5BFCD2AC/rpki.cnnic.cn/rpki/A9162E3D0000/3098/0qtsm24WUzTAMtBR1fx9FUfk41M.mft: seqnum gap detected #356B -> #356D
Oct 10 09:17:48,rpki-rps.arin.net,seqnum_gap,MEDIUM,Oct 10 09:17:48 rpki-client: .rrdp/B9455114E9FE21E4EDA2F4693C91715418A217E09D74E4EC727E834877FA4173/rpki-rps.arin.net/repository/d5001fed5b354a989099c47c5733051c/0/3F5FE6E5EB093D53B1A196212CDF218D2725F110.mft: seqnum gap detected #014B -> #014D
Oct 10 09:17:50,krill.47272.net,seqnum_gap,MEDIUM,Oct 10 09:17:50 rpki-client: .rrdp/578363498B9B82561B5363A019C78F882685E2124A61654CCAC1DC7030CD570E/krill.47272.net/repo/HYEHOST/1/80F5022D6A89F4EA57AB0F6131D33661AAC30BE9.mft: seqnum gap detected #0455 -> #0458
Oct 10 09:17:55,rpki-rsync.us-east-2.amazonaws.com,seqnum_gap,MEDIUM,Oct 10 09:17:55 rpki-client: .rrdp/AE7E883914AEA910AA26082A41E22569CA16F89824801AC3F94722413AD91697/rpki-rsync.us-east-2.amazonaws.com/volume/16f1ffee-7461-4674-bb05-fddefa9a02c6/JmLOFOkF4Y68t1IvkrNoS8SGW00.mft: seqnum gap detected #011C8E -> #011C90
Oct 10 09:18:26,krill.47272.net,seqnum_gap,MEDIUM,Oct 10 09:18:26 rpki-client: .rrdp/578363498B9B82561B5363A019C78F882685E2124A61654CCAC1DC7030CD570E/krill.47272.net/repo/HYEHOST/4/6A085FFB2907E47D476E04DACC9BB9C537740CA5.mft: seqnum gap detected #0457 -> #045A
Oct 10 09:07:30,rpki.cnnic.cn,seqnum_gap,MEDIUM,Oct 10 09:07:30 rpki-client: .rsync/rpki.cnnic.cn/rpki/A9162E3D0000/3098/0qtsm24WUzTAMtBR1fx9FUfk41M.mft: seqnum gap detected #356B -> #356D
Oct 10 09:07:32,rpki.cnnic.cn,seqnum_gap,MEDIUM,Oct 10 09:07:32 rpki-client: .rsync/rpki.cnnic.cn/rpki/A9162E3D0000/1663/iuTPeLSd8LLB0p0y5IqUOuT0Gsw.mft: seqnum gap detected #3A18 -> #3A1A
Oct 10 09:07:36,rpki.cnnic.cn,seqnum_gap,MEDIUM,Oct 10 09:07:36 rpki-client: .rsync/rpki.cnnic.cn/rpki/A9162E3D0000/76/LiZtw-rYDrJdSYWKZNwe8cihuUI.mft: seqnum gap detected #0E08 -> #0E0A
Oct 10 09:09:00,rpki.apnic.net,seqnum_gap,MEDIUM,Oct 10 09:09:00 rpki-client: .rsync/rpki.apnic.net/member_repository/A914781A/D52142701D9B11E2B821FD8908B02CD2/TXI5VSQ66I1VJDmvjk4KCcj2WQ0.mft: seqnum gap detected #3509 -> #350B
Oct 10 09:09:09,rpki.apnic.net,seqnum_gap,MEDIUM,Oct 10 09:09:09 rpki-client: .rsync/rpki.apnic.net/member_repository/A91B3247/32044BFE71EE11F093C22E18C4F9AE02/Ddq78x7saHZu9mmvlzUkDDiZNFk.mft: seqnum gap detected #2B -> #2D
Oct 10 09:09:09,rpki.apnic.net,seqnum_gap,MEDIUM,Oct 10 09:09:09 rpki-client: .rsync/rpki.apnic.net/member_repository/A914BC7A/4C528F78450311E2BDCA1F732979BB20/UxLzmab36w3c1RwDn4P3t6R6Xwk.mft: seqnum gap detected #34FF -> #3501
Oct 10 09:09:34,rpki.afrinic.net,seqnum_gap,MEDIUM,Oct 10 09:09:34 rpki-client: .rsync/rpki.afrinic.net/repository/member_repository/F368F2D0/92F86E1C6E0511E8A1B5854BF8AEA228/eX2I2BPiD_-YLMdBnpabrqa_1ps.mft: seqnum gap detected #C917 -> #C919
Oct 10 09:09:41,rpki.afrinic.net,seqnum_gap,MEDIUM,Oct 10 09:09:41 rpki-client: .rsync/rpki.afrinic.net/repository/member_repository/F368F2D0/7F4A98EA6E0511E89C0D6E4BF8AEA228/JdY-COq-fPpnhdTB1tNBFt4Vs9w.mft: seqnum gap detected #D8A3 -> #D8B3
Oct 10 09:12:54,chloe.sobornost.net,seqnum_gap,MEDIUM,Oct 10 09:12:54 rpki-client: .rsync/chloe.sobornost.net/rpki/RIPE-nljobsnijders/yqgF26w2R0m5sRVZCrbvD5cM29g.mft: seqnum gap detected #023FB7 -> #023FBB
Oct 10 09:13:25,ca.rg.net,seqnum_gap,MEDIUM,Oct 10 09:13:25 rpki-client: .rsync/ca.rg.net/rpki/RGnet-OU/bW-_qXU9uNhGQz21NR2ansB8lr0.mft: seqnum gap detected #014DEB -> #014DED
Oct 10 09:13:34,rpki.ripe.net,seqnum_gap,MEDIUM,Oct 10 09:13:34 rpki-client: .rsync/rpki.ripe.net/repository/DEFAULT/86/6c0bf7-5f13-44a2-9989-8c9581d96d8f/1/WIXohML8enXRLdHepJziNJxHBn4.mft: seqnum gap detected #17A8 -> #17AA
Oct 10 09:13:50,krill.47272.net,seqnum_gap,MEDIUM,Oct 10 09:13:50 rpki-client: .rsync/krill.47272.net/repo/HYEHOST/0/4ADD5466723084490EF491C619B8BC61A328A8B6.mft: seqnum gap detected #0458 -> #045B
Oct 10 09:15:28,krill.47272.net,seqnum_gap,MEDIUM,Oct 10 09:15:28 rpki-client: .rsync/krill.47272.net/repo/HYEHOST/5/C3CF41898936CB9C573DB1EAAB94C6E669951FD7.mft: seqnum gap detected #0454 -> #0457
Oct 10 09:16:52,rpki.arin.net,seqnum_gap,MEDIUM,Oct 10 09:16:52 rpki-client: .rsync/rpki.arin.net/repository/arin-rpki-ta/5e4a23ea-e80a-403e-b08c-2171da2157d3/fde169ed-d0d2-4165-8308-df2597e343f8/45718731-be33-4e2d-a8ff-5c444109d0ad/45718731-be33-4e2d-a8ff-5c444109d0ad.mft: seqnum gap detected #010D0C9F4328584B3FF07E11712C364EA27B6B95 -> #010D0C9F4328584B3FF07E11712C364EA27B6B97
Oct 10 09:16:55,rpki.arin.net,seqnum_gap,MEDIUM,Oct 10 09:16:55 rpki-client: .rsync/rpki.arin.net/repository/arin-rpki-ta/5e4a23ea-e80a-403e-b08c-2171da2157d3/871da40f-793a-4a45-a0a9-978148321a07/b4e8e990-50f4-4284-bfc0-1878a5fbc0f0/b4e8e990-50f4-4284-bfc0-1878a5fbc0f0.mft: seqnum gap detected #010D0C9F43285843BBED17C5D16B378B5E3BDA58 -> #010D0C9F43285843BBED17C5D16B378B5E3BDA5A
Oct 10 09:21:34,krill.47272.net,seqnum_gap,MEDIUM,Oct 10 09:21:34 rpki-client: .rsync/krill.47272.net/repo/HYEHOST/1/80F5022D6A89F4EA57AB0F6131D33661AAC30BE9.mft: seqnum gap detected #0455 -> #0458
Oct 10 09:21:42,rpki-rsync.us-east-2.amazonaws.com,seqnum_gap,MEDIUM,Oct 10 09:21:42 rpki-client: .rsync/rpki-rsync.us-east-2.amazonaws.com/volume/16f1ffee-7461-4674-bb05-fddefa9a02c6/JmLOFOkF4Y68t1IvkrNoS8SGW00.mft: seqnum gap detected #011C8C -> #011C8F
Oct 10 09:21:56,krill.47272.net,seqnum_gap,MEDIUM,Oct 10 09:21:56 rpki-client: .rsync/krill.47272.net/repo/HYEHOST/4/6A085FFB2907E47D476E04DACC9BB9C537740CA5.mft: seqnum gap detected #0457 -> #045A
Oct 10 09:06:56,rpki.afrinic.net,cert_not_yet_valid,HIGH,Oct 10 09:06:56 rpki-client: rpki.afrinic.net/repository/member_repository/F36663C2/B390E9E8C78311ECB1982894F1222468/9F17036CB4E311EFA49155A2762E951A.roa: certificate is not yet valid
Oct 10 09:06:56,rpki.afrinic.net,cert_not_yet_valid,HIGH,Oct 10 09:06:56 rpki-client: rpki.afrinic.net/repository/member_repository/F36663C2/B390E9E8C78311ECB1982894F1222468/DB465DA6B4E311EFA8F972A4762E951A.roa: certificate is not yet valid
Oct 10 09:07:04,rpki.afrinic.net,cert_not_yet_valid,HIGH,Oct 10 09:07:04 rpki-client: rpki.afrinic.net/repository/member_repository/F361610C/90D847F0B49A11EF9D6E0B60762E951A/FAE9132EBEE311EFA8C67594762E951A.roa: certificate is not yet valid
Oct 10 09:07:08,rpki.afrinic.net,cert_not_yet_valid,HIGH,Oct 10 09:07:08 rpki-client: rpki.afrinic.net/repository/member_repository/F36C06CB/D8FF6538D4F311ECB3714BD3F1222468/06392D96808111EFACB35A67762E951A.roa: certificate is not yet valid
Oct 10 09:07:26,rpki.afrinic.net,cert_not_yet_valid,HIGH,Oct 10 09:07:26 rpki-client: rpki.afrinic.net/repository/member_repository/F368F2D0/7F4A98EA6E0511E89C0D6E4BF8AEA228/0E34DE4CA56411F088A8AF9BDAE4EC9C.roa: certificate is not yet valid
Oct 10 09:10:17,rpki.afrinic.net,cert_not_yet_valid,HIGH,Oct 10 09:10:17 rpki-client: rpki.afrinic.net/repository/member_repository/F361610C/90D847F0B49A11EF9D6E0B60762E951A/FAE9132EBEE311EFA8C67594762E951A.roa: certificate is not yet valid
Oct 10 09:10:17,rpki.afrinic.net,cert_not_yet_valid,HIGH,Oct 10 09:10:17 rpki-client: rpki.afrinic.net/repository/member_repository/F36663C2/B390E9E8C78311ECB1982894F1222468/DB465DA6B4E311EFA8F972A4762E951A.roa: certificate is not yet valid
Oct 10 09:10:17,rpki.afrinic.net,cert_not_yet_valid,HIGH,Oct 10 09:10:17 rpki-client: rpki.afrinic.net/repository/member_repository/F36663C2/B390E9E8C78311ECB1982894F1222468/9F17036CB4E311EFA49155A2762E951A.roa: certificate is not yet valid
Oct 10 09:10:24,rpki.afrinic.net,cert_not_yet_valid,HIGH,Oct 10 09:10:24 rpki-client: rpki.afrinic.net/repository/member_repository/F36C06CB/D8FF6538D4F311ECB3714BD3F1222468/06392D96808111EFACB35A67762E951A.roa: certificate is not yet valid
Oct 10 09:10:29,rpki.afrinic.net,cert_not_yet_valid,HIGH,Oct 10 09:10:29 rpki-client: rpki.afrinic.net/repository/member_repository/F368F2D0/7F4A98EA6E0511E89C0D6E4BF8AEA228/0E34DE4CA56411F088A8AF9BDAE4EC9C.roa: certificate is not yet valid
Oct 10 09:07:12,rpki.afrinic.net,cert_expired,HIGH,Oct 10 09:07:12 rpki-client: rpki.afrinic.net/repository/member_repository/F364E8BF/7F6043A63D9211E790533747F8AEA228/34160D4A9D0111F0B4F639C8DAE4EC9C.roa: certificate has expired
Oct 10 09:07:39,rpki.afrinic.net,cert_expired,HIGH,Oct 10 09:07:39 rpki-client: rpki.afrinic.net/repository/member_repository/F368F2D0/92F86E1C6E0511E8A1B5854BF8AEA228/603BA922855411EF8A6EDE49762E951A.roa: certificate has expired
Oct 10 09:08:07,repo.kagl.me,cert_expired,HIGH,Oct 10 09:08:07 rpki-client: https://repo.kagl.me/rpki/notification.xml (104.37.40.237): TLS handshake: certificate verification failed: certificate has expired
Oct 10 09:08:23,pub.krill.ausra.cloud,cert_expired,HIGH,Oct 10 09:08:23 rpki-client: https://pub.krill.ausra.cloud/rrdp/notification.xml (69.197.130.134): TLS handshake: certificate verification failed: certificate has expired
Oct 10 09:11:03,rsync.paas.rpki.ripe.net,cert_expired,HIGH,Oct 10 09:11:03 rpki-client: rsync.paas.rpki.ripe.net/repository/82a9bf5b-39c1-4050-b073-48075b861d87/0/33312e362e322e302f32342d3234203d3e20383334.roa: certificate has expired
Oct 10 09:11:05,rsync.paas.rpki.ripe.net,cert_expired,HIGH,Oct 10 09:11:05 rpki-client: rsync.paas.rpki.ripe.net/repository/e30de84b-400a-4fd1-ab8a-e7616e245b49/0/5EB2E5DAD0C6996D0A80A7B90F3A2AA60FB1A7AC.cer: certificate has expired
Oct 10 09:11:08,rsync.paas.rpki.ripe.net,cert_expired,HIGH,Oct 10 09:11:08 rpki-client: rsync.paas.rpki.ripe.net/repository/84d51810-1987-4701-8f1f-8425111964f4/0/CC2B47BFD397E66019550C83BF1B56353173A0CB.cer: certificate has expired
Oct 10 09:11:08,rsync.paas.rpki.ripe.net,cert_expired,HIGH,Oct 10 09:11:08 rpki-client: rsync.paas.rpki.ripe.net/repository/84d51810-1987-4701-8f1f-8425111964f4/0/76423146648CF6AC626CCD0654C5B50EBEA94787.cer: certificate has expired
Oct 10 09:11:08,rsync.paas.rpki.ripe.net,cert_expired,HIGH,Oct 10 09:11:08 rpki-client: rsync.paas.rpki.ripe.net/repository/84d51810-1987-4701-8f1f-8425111964f4/0/FBDF5C81A0D6F79C3DFB8B4EDF2966F352606027.cer: certificate has expired
Oct 10 09:11:09,rsync.paas.rpki.ripe.net,cert_expired,HIGH,Oct 10 09:11:09 rpki-client: rsync.paas.rpki.ripe.net/repository/69bbfdcf-35cd-4524-8ffa-3005b0b69a29/0/58E92F2C3859C2D0EF322A871688CB22928E2F3E.cer: certificate has expired
Oct 10 09:11:27,rsync.paas.rpki.ripe.net,cert_expired,HIGH,Oct 10 09:11:27 rpki-client: rsync.paas.rpki.ripe.net/repository/89270f6c-a3fe-4299-b079-309ed97f3824/0/AB1340E329CCD96287934FA706670D31B73C04E8.cer: certificate has expired
Oct 10 09:11:29,rsync.paas.rpki.ripe.net,cert_expired,HIGH,Oct 10 09:11:29 rpki-client: rsync.paas.rpki.ripe.net/repository/1a3bb93f-98a4-4c7e-a0e1-8057a4f086c9/0/2AFACA7F316DBE0CFF394F9D5952E52992F185F1.cer: certificate has expired
Oct 10 09:11:33,rsync.paas.rpki.ripe.net,cert_expired,HIGH,Oct 10 09:11:33 rpki-client: rsync.paas.rpki.ripe.net/repository/1bf8e977-7278-46cf-abd1-99cd1fd2be4e/1/698CBB9E641A60FE66E1B58C92ACD281637ED767.cer: certificate has expired
Oct 10 09:11:33,rpki-repo.as207960.net,cert_expired,HIGH,Oct 10 09:11:33 rpki-client: rpki-repo.as207960.net/repo/rpki_ca_d0f2db99fe1d4b36b9301c821220fe3a/1/83027A47466EFA0ED200A7CA6EE9CF229F431C1B.cer: certificate has expired
Oct 10 09:13:55,rpki-repo.as207960.net,cert_expired,HIGH,Oct 10 09:13:55 rpki-client: rpki-repo.as207960.net/repo/rpki_ca_d0f2db99fe1d4b36b9301c821220fe3a/0/E42882C5C372E03CCD5EA87BB1B6FFEF1FF1BFF5.cer: certificate has expired
Oct 10 09:17:57,rpki-rps.arin.net,cert_expired,HIGH,Oct 10 09:17:57 rpki-client: rpki-rps.arin.net/repository/8a848adf850d063e0185755c91be3f9d/1/67DAC6BFE8CF4F99CC7DE476F2D7C11DD253702A.cer: certificate has expired
Oct 10 09:17:57,krill.accuristechnologies.ca,cert_expired,HIGH,Oct 10 09:17:57 rpki-client: krill.accuristechnologies.ca/repo/Accuris-Technologies/0/8A15107195E63966ABA1997AD31382979C75F736.cer: certificate has expired
Oct 10 09:18:26,cloudie-repo.rpki.app,cert_expired,HIGH,Oct 10 09:18:26 rpki-client: cloudie-repo.rpki.app/repo/CLOUDIE-RPKI/2/EF426F94C58940B7071B544A524D3C9EA3456B00.cer: certificate has expired
Oct 10 09:10:17,rpki.afrinic.net,cert_expired,HIGH,Oct 10 09:10:17 rpki-client: rpki.afrinic.net/repository/member_repository/F364E8BF/7F6043A63D9211E790533747F8AEA228/34160D4A9D0111F0B4F639C8DAE4EC9C.roa: certificate has expired
Oct 10 09:10:18,rpki.afrinic.net,cert_expired,HIGH,Oct 10 09:10:18 rpki-client: rpki.afrinic.net/repository/member_repository/F368F2D0/92F86E1C6E0511E8A1B5854BF8AEA228/603BA922855411EF8A6EDE49762E951A.roa: certificate has expired
Oct 10 09:14:20,rsync.paas.rpki.ripe.net,cert_expired,HIGH,Oct 10 09:14:20 rpki-client: rsync.paas.rpki.ripe.net/repository/89270f6c-a3fe-4299-b079-309ed97f3824/0/AB1340E329CCD96287934FA706670D31B73C04E8.cer: certificate has expired
Oct 10 09:14:22,rsync.paas.rpki.ripe.net,cert_expired,HIGH,Oct 10 09:14:22 rpki-client: rsync.paas.rpki.ripe.net/repository/84d51810-1987-4701-8f1f-8425111964f4/0/CC2B47BFD397E66019550C83BF1B56353173A0CB.cer: certificate has expired
Oct 10 09:14:22,rsync.paas.rpki.ripe.net,cert_expired,HIGH,Oct 10 09:14:22 rpki-client: rsync.paas.rpki.ripe.net/repository/84d51810-1987-4701-8f1f-8425111964f4/0/76423146648CF6AC626CCD0654C5B50EBEA94787.cer: certificate has expired
Oct 10 09:14:22,rsync.paas.rpki.ripe.net,cert_expired,HIGH,Oct 10 09:14:22 rpki-client: rsync.paas.rpki.ripe.net/repository/84d51810-1987-4701-8f1f-8425111964f4/0/FBDF5C81A0D6F79C3DFB8B4EDF2966F352606027.cer: certificate has expired
Oct 10 09:14:30,rsync.paas.rpki.ripe.net,cert_expired,HIGH,Oct 10 09:14:30 rpki-client: rsync.paas.rpki.ripe.net/repository/e30de84b-400a-4fd1-ab8a-e7616e245b49/0/5EB2E5DAD0C6996D0A80A7B90F3A2AA60FB1A7AC.cer: certificate has expired
Oct 10 09:14:31,rsync.paas.rpki.ripe.net,cert_expired,HIGH,Oct 10 09:14:31 rpki-client: rsync.paas.rpki.ripe.net/repository/82a9bf5b-39c1-4050-b073-48075b861d87/0/33312e362e322e302f32342d3234203d3e20383334.roa: certificate has expired
Oct 10 09:14:35,rsync.paas.rpki.ripe.net,cert_expired,HIGH,Oct 10 09:14:35 rpki-client: rsync.paas.rpki.ripe.net/repository/69bbfdcf-35cd-4524-8ffa-3005b0b69a29/0/58E92F2C3859C2D0EF322A871688CB22928E2F3E.cer: certificate has expired
Oct 10 09:14:37,rpki-repo.as207960.net,cert_expired,HIGH,Oct 10 09:14:37 rpki-client: .rsync/rpki-repo.as207960.net/repo/rpki_ca_d0f2db99fe1d4b36b9301c821220fe3a/1/83027A47466EFA0ED200A7CA6EE9CF229F431C1B.cer: certificate has expired
Oct 10 09:14:46,rsync.paas.rpki.ripe.net,cert_expired,HIGH,Oct 10 09:14:46 rpki-client: rsync.paas.rpki.ripe.net/repository/1bf8e977-7278-46cf-abd1-99cd1fd2be4e/1/698CBB9E641A60FE66E1B58C92ACD281637ED767.cer: certificate has expired
Oct 10 09:14:53,rsync.paas.rpki.ripe.net,cert_expired,HIGH,Oct 10 09:14:53 rpki-client: rsync.paas.rpki.ripe.net/repository/1a3bb93f-98a4-4c7e-a0e1-8057a4f086c9/0/2AFACA7F316DBE0CFF394F9D5952E52992F185F1.cer: certificate has expired
Oct 10 09:17:24,rpki-repo.as207960.net,cert_expired,HIGH,Oct 10 09:17:24 rpki-client: .rsync/rpki-repo.as207960.net/repo/rpki_ca_d0f2db99fe1d4b36b9301c821220fe3a/0/E42882C5C372E03CCD5EA87BB1B6FFEF1FF1BFF5.cer: certificate has expired
Oct 10 09:21:43,cloudie-repo.rpki.app,cert_expired,HIGH,Oct 10 09:21:43 rpki-client: cloudie-repo.rpki.app/repo/CLOUDIE-RPKI/2/EF426F94C58940B7071B544A524D3C9EA3456B00.cer: certificate has expired
Oct 10 09:21:43,krill.accuristechnologies.ca,cert_expired,HIGH,Oct 10 09:21:43 rpki-client: krill.accuristechnologies.ca/repo/Accuris-Technologies/0/8A15107195E63966ABA1997AD31382979C75F736.cer: certificate has expired
Oct 10 09:21:56,rpki-rps.arin.net,cert_expired,HIGH,Oct 10 09:21:56 rpki-client: rpki-rps.arin.net/repository/8a848adf850d063e0185755c91be3f9d/1/67DAC6BFE8CF4F99CC7DE476F2D7C11DD253702A.cer: certificate has expired
Oct 10 09:07:49,rpki.netiface.net,dns_resolution_failed,LOW,Oct 10 09:07:49 rpki-client: rpki.netiface.net: no address associated with name
Oct 10 09:07:49,rpki.netiface.net,dns_resolution_failed,LOW,Oct 10 09:07:49 openrsync: error: getaddrinfo: rpki.netiface.net: no address associated with name
Oct 10 09:08:09,oto.wakuwaku.ne.jp,dns_resolution_failed,LOW,Oct 10 09:08:09 rpki-client: oto.wakuwaku.ne.jp: no address associated with name
Oct 10 09:08:09,oto.wakuwaku.ne.jp,dns_resolution_failed,LOW,Oct 10 09:08:09 openrsync: error: getaddrinfo: oto.wakuwaku.ne.jp: no address associated with name
Oct 10 09:07:05,rsync.rpki.tianhai.link,dns_resolution_failed,LOW,Oct 10 09:07:05 openrsync: error: getaddrinfo: rsync.rpki.tianhai.link: no address associated with name
Oct 10 09:11:52,rpki.netiface.net,dns_resolution_failed,LOW,Oct 10 09:11:52 openrsync: error: getaddrinfo: rpki.netiface.net: no address associated with name
Oct 10 09:12:04,oto.wakuwaku.ne.jp,dns_resolution_failed,LOW,Oct 10 09:12:04 openrsync: error: getaddrinfo: oto.wakuwaku.ne.jp: no address associated with name
Oct 10 09:07:49,rpki.netiface.net,fallback_to_rsync,LOW,"Oct 10 09:07:49 rpki-client: https://rpki.netiface.net/rrdp/notification.xml: load from network failed, fallback to rsync"
Oct 10 09:08:06,rpki.0i1.eu,fallback_to_rsync,LOW,"Oct 10 09:08:06 rpki-client: https://rpki.0i1.eu/rrdp/notification.xml: load from network failed, fallback to rsync"
Oct 10 09:08:07,repo.kagl.me,fallback_to_rsync,LOW,"Oct 10 09:08:07 rpki-client: https://repo.kagl.me/rpki/notification.xml: load from network failed, fallback to rsync"
Oct 10 09:08:09,oto.wakuwaku.ne.jp,fallback_to_rsync,LOW,"Oct 10 09:08:09 rpki-client: https://oto.wakuwaku.ne.jp/pki/oshirase.xml: load from network failed, fallback to rsync"
Oct 10 09:08:15,rpki.leitecastro.com,fallback_to_rsync,LOW,"Oct 10 09:08:15 rpki-client: https://rpki.leitecastro.com/notification.xml: load from network failed, fallback to rsync"
Oct 10 09:08:23,pub.krill.ausra.cloud,fallback_to_rsync,LOW,"Oct 10 09:08:23 rpki-client: https://pub.krill.ausra.cloud/rrdp/notification.xml: load from network failed, fallback to rsync"
Oct 10 09:10:58,sakuya.nat.moe,fallback_to_rsync,LOW,"Oct 10 09:10:58 rpki-client: https://sakuya.nat.moe/rrdp/notification.xml: load from network failed, fallback to rsync"
Oct 10 09:11:42,rki.plasmanodes.com,fallback_to_rsync,LOW,"Oct 10 09:11:42 rpki-client: https://rki.plasmanodes.com/rrdp/notification.xml: load from network failed, fallback to rsync"
Oct 10 09:13:58,rpki.luys.cloud,fallback_to_rsync,LOW,"Oct 10 09:13:58 rpki-client: https://rpki.luys.cloud/rrdp/notification.xml: load from network failed, fallback to rsync"
Oct 10 09:16:48,rpki-repo.canops.org,fallback_to_rsync,LOW,"Oct 10 09:16:48 rpki-client: https://rpki-repo.canops.org/rrdp/notification.xml: load from network failed, fallback to rsync"
Oct 10 09:07:49,rpki.netiface.net,fallback_to_cache,LOW,"Oct 10 09:07:49 rpki-client: .rsync/rpki.netiface.net/repo: load from network failed, fallback to cache"
Oct 10 09:08:06,rpki.0i1.eu,fallback_to_cache,LOW,"Oct 10 09:08:06 rpki-client: .rsync/rpki.0i1.eu/repo: load from network failed, fallback to cache"
Oct 10 09:08:07,repo.kagl.me,fallback_to_cache,LOW,"Oct 10 09:08:07 rpki-client: .rsync/repo.kagl.me/rpki: load from network failed, fallback to cache"
Oct 10 09:08:09,oto.wakuwaku.ne.jp,fallback_to_cache,LOW,"Oct 10 09:08:09 rpki-client: .rsync/oto.wakuwaku.ne.jp/pki: load from network failed, fallback to cache"
Oct 10 09:08:23,pub.krill.ausra.cloud,fallback_to_cache,LOW,"Oct 10 09:08:23 rpki-client: .rsync/pub.krill.ausra.cloud/repo: load from network failed, fallback to cache"
Oct 10 09:08:30,rpki.leitecastro.com,fallback_to_cache,LOW,"Oct 10 09:08:30 rpki-client: .rsync/rpki.leitecastro.com/repo: load from network failed, fallback to cache"
Oct 10 09:10:59,sakuya.nat.moe,fallback_to_cache,LOW,"Oct 10 09:10:59 rpki-client: .rsync/sakuya.nat.moe/repo: load from network failed, fallback to cache"
Oct 10 09:11:57,rki.plasmanodes.com,fallback_to_cache,LOW,"Oct 10 09:11:57 rpki-client: .rsync/rki.plasmanodes.com/repo: load from network failed, fallback to cache"
Oct 10 09:14:04,rpki.luys.cloud,fallback_to_cache,LOW,"Oct 10 09:14:04 rpki-client: .rsync/rpki.luys.cloud/repo: load from network failed, fallback to cache"
Oct 10 09:07:05,rsync.rpki.tianhai.link,fallback_to_cache,LOW,"Oct 10 09:07:05 rpki-client: .rsync/rsync.rpki.tianhai.link/repo: load from network failed, fallback to cache"
Oct 10 09:07:14,rpki.admin.freerangecloud.com,fallback_to_cache,LOW,"Oct 10 09:07:14 rpki-client: .rsync/rpki.admin.freerangecloud.com/repo: load from network failed, fallback to cache"
Oct 10 09:07:22,sakuya.nat.moe,fallback_to_cache,LOW,"Oct 10 09:07:22 rpki-client: .rsync/sakuya.nat.moe/repo: load from network failed, fallback to cache"
Oct 10 09:11:52,rpki.netiface.net,fallback_to_cache,LOW,"Oct 10 09:11:52 rpki-client: .rsync/rpki.netiface.net/repo: load from network failed, fallback to cache"
Oct 10 09:11:54,rpki.zappiehost.com,fallback_to_cache,LOW,"Oct 10 09:11:54 rpki-client: .rsync/rpki.zappiehost.com/repo: load from network failed, fallback to cache"
Oct 10 09:12:04,oto.wakuwaku.ne.jp,fallback_to_cache,LOW,"Oct 10 09:12:04 rpki-client: .rsync/oto.wakuwaku.ne.jp/pki: load from network failed, fallback to cache"
Oct 10 09:12:12,rpki.0i1.eu,fallback_to_cache,LOW,"Oct 10 09:12:12 rpki-client: .rsync/rpki.0i1.eu/repo: load from network failed, fallback to cache"
Oct 10 09:12:21,krill.ca-bc-01.ssmidge.xyz,fallback_to_cache,LOW,"Oct 10 09:12:21 rpki-client: .rsync/krill.ca-bc-01.ssmidge.xyz/repo: load from network failed, fallback to cache"
Oct 10 09:12:23,repo.rpki.space,fallback_to_cache,LOW,"Oct 10 09:12:23 rpki-client: .rsync/repo.rpki.space/repo: load from network failed, fallback to cache"
Oct 10 09:12:23,pub.krill.ausra.cloud,fallback_to_cache,LOW,"Oct 10 09:12:23 rpki-client: .rsync/pub.krill.ausra.cloud/repo: load from network failed, fallback to cache"
Oct 10 09:12:25,krill.signalx.cloud,fallback_to_cache,LOW,"Oct 10 09:12:25 rpki-client: .rsync/krill.signalx.cloud/repo: load from network failed, fallback to cache"
Oct 10 09:12:25,krill.uta.ng,fallback_to_cache,LOW,"Oct 10 09:12:25 rpki-client: .rsync/krill.uta.ng/repo: load from network failed, fallback to cache"
Oct 10 09:12:27,repo.kagl.me,fallback_to_cache,LOW,"Oct 10 09:12:27 rpki-client: .rsync/repo.kagl.me/rpki: load from network failed, fallback to cache"
Oct 10 09:12:30,rpki-rsync.warpnet.xyz,fallback_to_cache,LOW,"Oct 10 09:12:30 rpki-client: .rsync/rpki-rsync.warpnet.xyz/repo: load from network failed, fallback to cache"
Oct 10 09:12:42,rpki.leitecastro.com,fallback_to_cache,LOW,"Oct 10 09:12:42 rpki-client: .rsync/rpki.leitecastro.com/repo: load from network failed, fallback to cache"
Oct 10 09:14:35,rki.plasmanodes.com,fallback_to_cache,LOW,"Oct 10 09:14:35 rpki-client: .rsync/rki.plasmanodes.com/repo: load from network failed, fallback to cache"
Oct 10 09:14:35,krill.rg.net,fallback_to_cache,LOW,"Oct 10 09:14:35 rpki-client: .rsync/krill.rg.net/repo: load from network failed, fallback to cache"
Oct 10 09:18:13,rpki.sailx.co,fallback_to_cache,LOW,"Oct 10 09:18:13 rpki-client: .rsync/rpki.sailx.co/repo: load from network failed, fallback to cache"
Oct 10 09:07:50,rrdp.rpki.tianhai.link,notification_not_modified,LOW,Oct 10 09:07:50 rpki-client: https://rrdp.rpki.tianhai.link/rrdp/notification.xml: notification file not modified since Fri 19 Sep 2025 19:54:16 +0000
Oct 10 09:08:06,rpki-01.pdxnet.uk,notification_not_modified,LOW,Oct 10 09:08:06 rpki-client: https://rpki-01.pdxnet.uk/rrdp/notification.xml: notification file not modified since Sat 04 Oct 2025 03:03:56 +0000
Oct 10 09:08:07,rpki.folf.systems,notification_not_modified,LOW,Oct 10 09:08:07 rpki-client: https://rpki.folf.systems/rrdp/notification.xml: notification file not modified since Fri 19 Sep 2025 19:54:17 +0000
Oct 10 09:08:28,rpki.zappiehost.com,notification_not_modified,LOW,Oct 10 09:08:28 rpki-client: https://rpki.zappiehost.com/rrdp/notification.xml: notification file not modified since Fri 19 Sep 2025 19:54:17 +0000
Oct 10 09:10:35,rpki.qs.nu,notification_not_modified,LOW,Oct 10 09:10:35 rpki-client: https://rpki.qs.nu/rrdp/notification.xml: notification file not modified since Fri 19 Sep 2025 19:58:21 +0000
Oct 10 09:13:54,rpki-rrdp.mnihyc.com,notification_not_modified,LOW,Oct 10 09:13:54 rpki-client: https://rpki-rrdp.mnihyc.com/rrdp/notification.xml: notification file not modified since Wed 08 Oct 2025 14:59:59 +0000
Oct 10 09:14:41,rpki.tools.westconnect.ca,notification_not_modified,LOW,Oct 10 09:14:41 rpki-client: https://rpki.tools.westconnect.ca/rrdp/notification.xml: notification file not modified since Sat 20 Sep 2025 17:50:45 +0000
Oct 10 09:16:17,ca.nat.moe,notification_not_modified,LOW,Oct 10 09:16:17 rpki-client: https://ca.nat.moe/rrdp/notification.xml: notification file not modified since Tue 23 Sep 2025 11:25:09 +0000
Oct 10 09:17:11,repodepot.wildtky.com,notification_not_modified,LOW,Oct 10 09:17:11 rpki-client: https://repodepot.wildtky.com/rrdp/notification.xml: notification file not modified since Sun 05 Oct 2025 22:43:08 +0000
Oct 10 09:08:06,rpki.0i1.eu,no_route_to_host,LOW,Oct 10 09:08:06 rpki-client: https://rpki.0i1.eu/rrdp/notification.xml (2a03:4000:20:b7::106): connect: No route to host
Oct 10 09:08:15,rpki.leitecastro.com,no_route_to_host,LOW,Oct 10 09:08:15 rpki-client: https://rpki.leitecastro.com/notification.xml (2602:faa5:130::5): connect: No route to host
Oct 10 09:10:58,sakuya.nat.moe,no_route_to_host,LOW,Oct 10 09:10:58 rpki-client: https://sakuya.nat.moe/rrdp/notification.xml (2602:feda:4:dead:216:3eff:fec7:efab): connect: No route to host
Oct 10 09:11:42,rki.plasmanodes.com,no_route_to_host,LOW,Oct 10 09:11:42 rpki-client: https://rki.plasmanodes.com/rrdp/notification.xml (2a0e:97c0:c43:191::103): connect: No route to host
Oct 10 09:08:06,rpki.0i1.eu,connection_refused,LOW,"Oct 10 09:08:06 openrsync: warning: connect refused: 2a03:4000:20:b7::106, rpki.0i1.eu"
Oct 10 09:08:07,repo.kagl.me,connection_refused,LOW,"Oct 10 09:08:07 openrsync: warning: connect refused: 104.37.40.237, repo.kagl.me"
Oct 10 09:08:30,rpki.leitecastro.com,connection_refused,LOW,"Oct 10 09:08:30 openrsync: warning: connect refused: 2602:faa5:130::5, rpki.leitecastro.com"
Oct 10 09:11:57,rki.plasmanodes.com,connection_refused,LOW,"Oct 10 09:11:57 openrsync: warning: connect refused: 2a0e:97c0:c43:191::103, rki.plasmanodes.com"
Oct 10 09:07:19,sakuya.nat.moe,connection_refused,LOW,"Oct 10 09:07:19 openrsync: warning: connect refused: 2602:feda:4:dead:216:3eff:fec7:efab, sakuya.nat.moe"
Oct 10 09:11:54,rpki.zappiehost.com,connection_refused,LOW,"Oct 10 09:11:54 openrsync: warning: connect refused: 95.211.63.25, rpki.zappiehost.com"
Oct 10 09:11:54,rpki.zappiehost.com,connection_refused,LOW,"Oct 10 09:11:54 openrsync: warning: connect refused: 2a0e:97c0:a43::301, rpki.zappiehost.com"
Oct 10 09:12:12,rpki.0i1.eu,connection_refused,LOW,"Oct 10 09:12:12 openrsync: warning: connect refused: 2a03:4000:20:b7::106, rpki.0i1.eu"
Oct 10 09:12:23,repo.rpki.space,connection_refused,LOW,"Oct 10 09:12:23 openrsync: warning: connect refused: 2a06:98c1:3121::, repo.rpki.space"
Oct 10 09:12:23,repo.rpki.space,connection_refused,LOW,"Oct 10 09:12:23 openrsync: warning: connect refused: 2a06:98c1:3120::, repo.rpki.space"
Oct 10 09:12:25,krill.signalx.cloud,connection_refused,LOW,"Oct 10 09:12:25 openrsync: warning: connect refused: 82.26.113.7, krill.signalx.cloud"
Oct 10 09:12:25,krill.signalx.cloud,connection_refused,LOW,"Oct 10 09:12:25 openrsync: warning: connect refused: 2a11:29c0:3d92::3, krill.signalx.cloud"
Oct 10 09:12:27,repo.kagl.me,connection_refused,LOW,"Oct 10 09:12:27 openrsync: warning: connect refused: 104.37.40.237, repo.kagl.me"
Oct 10 09:12:30,rpki-rsync.warpnet.xyz,connection_refused,LOW,"Oct 10 09:12:30 openrsync: warning: connect refused: 2001:67c:34::ff:fe02:11, rpki-rsync.warpnet.xyz"
Oct 10 09:12:41,rpki.leitecastro.com,connection_refused,LOW,"Oct 10 09:12:41 openrsync: warning: connect refused: 2602:faa5:130::5, rpki.leitecastro.com"
Oct 10 09:14:35,rki.plasmanodes.com,connection_refused,LOW,"Oct 10 09:14:35 openrsync: warning: connect refused: 2a0e:97c0:c43:191::103, rki.plasmanodes.com"
Oct 10 09:14:35,krill.rg.net,connection_refused,LOW,"Oct 10 09:14:35 openrsync: warning: connect refused: 198.180.152.62, krill.rg.net"
Oct 10 09:14:35,krill.rg.net,connection_refused,LOW,"Oct 10 09:14:35 openrsync: warning: connect refused: 2001:418:3807::62, krill.rg.net"
Oct 10 09:08:07,repo.kagl.me,tls_handshake_failed,HIGH,Oct 10 09:08:07 rpki-client: https://repo.kagl.me/rpki/notification.xml (104.37.40.237): TLS handshake: certificate verification failed: certificate has expired
Oct 10 09:08:23,pub.krill.ausra.cloud,tls_handshake_failed,HIGH,Oct 10 09:08:23 rpki-client: https://pub.krill.ausra.cloud/rrdp/notification.xml (69.197.130.134): TLS handshake: certificate verification failed: certificate has expired
Oct 10 09:16:48,rpki-repo.canops.org,tls_handshake_failed,LOW,Oct 10 09:16:48 rpki-client: https://rpki-repo.canops.org/rrdp/notification.xml (23.140.52.8): TLS handshake: certificate verification failed: unable to get local issuer certificate
Oct 10 09:08:15,rpki.leitecastro.com,connection_timeout,LOW,Oct 10 09:08:15 rpki-client: https://rpki.leitecastro.com/notification.xml (23.147.168.5): connect timeout
Oct 10 09:08:30,rpki.leitecastro.com,connection_timeout,LOW,"Oct 10 09:08:30 openrsync: warning: connect timeout: 23.147.168.5, rpki.leitecastro.com"
Oct 10 09:10:58,sakuya.nat.moe,connection_timeout,LOW,Oct 10 09:10:58 rpki-client: https://sakuya.nat.moe/rrdp/notification.xml (141.193.21.22): connect timeout
Oct 10 09:11:42,rki.plasmanodes.com,connection_timeout,LOW,Oct 10 09:11:42 rpki-client: https://rki.plasmanodes.com/rrdp/notification.xml (191.101.251.64): connect timeout
Oct 10 09:11:57,rki.plasmanodes.com,connection_timeout,LOW,"Oct 10 09:11:57 openrsync: warning: connect timeout: 191.101.251.64, rki.plasmanodes.com"
Oct 10 09:07:19,sakuya.nat.moe,connection_timeout,LOW,"Oct 10 09:07:19 openrsync: warning: connect timeout: 141.193.21.22, sakuya.nat.moe"
Oct 10 09:12:08,repo.rpki.space,connection_timeout,LOW,"Oct 10 09:12:08 openrsync: warning: connect timeout: 188.114.96.0, repo.rpki.space"
Oct 10 09:12:21,krill.ca-bc-01.ssmidge.xyz,connection_timeout,LOW,"Oct 10 09:12:21 openrsync: warning: connect timeout: 170.39.49.51, krill.ca-bc-01.ssmidge.xyz"
Oct 10 09:12:23,repo.rpki.space,connection_timeout,LOW,"Oct 10 09:12:23 openrsync: warning: connect timeout: 188.114.97.0, repo.rpki.space"
Oct 10 09:12:41,rpki.leitecastro.com,connection_timeout,LOW,"Oct 10 09:12:41 openrsync: warning: connect timeout: 23.147.168.5, rpki.leitecastro.com"
Oct 10 09:14:35,rki.plasmanodes.com,connection_timeout,LOW,"Oct 10 09:14:35 openrsync: warning: connect timeout: 191.101.251.64, rki.plasmanodes.com"
Oct 10 09:18:13,rpki.sailx.co,connection_timeout,LOW,"Oct 10 09:18:13 openrsync: warning: connect timeout: 208.82.103.214, rpki.sailx.co"
Oct 10 09:08:23,,unexpected_end_of_file,LOW,Oct 10 09:08:23 openrsync: error: unexpected end of file
Oct 10 09:10:59,,unexpected_end_of_file,LOW,Oct 10 09:10:59 openrsync: error: unexpected end of file
Oct 10 09:07:13,,unexpected_end_of_file,LOW,Oct 10 09:07:13 openrsync: error: unexpected end of file
Oct 10 09:12:23,,unexpected_end_of_file,LOW,Oct 10 09:12:23 openrsync: error: unexpected end of file
Oct 10 09:12:25,,unexpected_end_of_file,LOW,Oct 10 09:12:25 openrsync: error: unexpected end of file
Oct 10 09:08:32,rsync.paas.rpki.ripe.net,crl_expired,MEDIUM,Oct 10 09:08:32 rpki-client: rsync.paas.rpki.ripe.net/repository/4e650b54-abc4-4418-aeb6-088a50d1d5f1/1/D7B42D8A567C7905A57C26B0BBACEA84833B5998.mft: CRL has expired
Oct 10 09:08:32,rsync.paas.rpki.ripe.net,crl_expired,MEDIUM,Oct 10 09:08:32 rpki-client: rsync.paas.rpki.ripe.net/repository/bcbbf0bf-a2e0-42a4-8293-711496eb66d2/0/BEEB4B595E9E084649D0ABE5B77B8DFF736D03F3.mft: CRL has expired
Oct 10 09:08:34,rsync.paas.rpki.ripe.net,crl_expired,MEDIUM,Oct 10 09:08:34 rpki-client: rsync.paas.rpki.ripe.net/repository/98826bce-854a-48c6-86af-93cf28393576/0/ADAA2DF4F9F7F1B10330C3AB0CE4598D59DFFDA0.mft: CRL has expired
Oct 10 09:08:35,rsync.paas.rpki.ripe.net,crl_expired,MEDIUM,Oct 10 09:08:35 rpki-client: rsync.paas.rpki.ripe.net/repository/c99265ef-22a9-4100-a23d-51a9d9feeb7d/0/D93EF0701E8CA6ED0A0E6D46A38B8D8CF3091285.mft: CRL has expired
Oct 10 09:08:36,rsync.paas.rpki.ripe.net,crl_expired,MEDIUM,Oct 10 09:08:36 rpki-client: rsync.paas.rpki.ripe.net/repository/4bfa7a9f-28d3-45b0-a839-a57519ecaeae/0/C3F4E167A6B1633379B9981D8A565B7AFB81DC90.mft: CRL has expired
Oct 10 09:08:41,rsync.paas.rpki.ripe.net,crl_expired,MEDIUM,Oct 10 09:08:41 rpki-client: rsync.paas.rpki.ripe.net/repository/2feab205-d14b-4a2a-a38a-6be9ee483ace/0/EC6C7177521BD791A07FA0AA12E710B684F06985.mft: CRL has expired
Oct 10 09:08:43,rsync.paas.rpki.ripe.net,crl_expired,MEDIUM,Oct 10 09:08:43 rpki-client: rsync.paas.rpki.ripe.net/repository/330c7f5c-faae-4354-b920-e20bd0425bb9/0/2E1EDE80640C9F484F75DD39C13ED6C70E074A03.mft: CRL has expired
Oct 10 09:08:51,rsync.rpki.tianhai.link,crl_expired,MEDIUM,Oct 10 09:08:51 rpki-client: rsync.rpki.tianhai.link/repo/TianhaiRpki/2/3E32DA3B9DC955F96CF1BF58C5748B7B80FCB798.mft: CRL has expired
Oct 10 09:08:54,rsync.paas.rpki.ripe.net,crl_expired,MEDIUM,Oct 10 09:08:54 rpki-client: rsync.paas.rpki.ripe.net/repository/ad0eb3cf-9a1b-4112-a607-ae98c2ab12a7/3/FC5EF1F664F6BB0E1AF7BDA53D67E0589B895E1F.mft: CRL has expired
Oct 10 09:08:58,rsync.paas.rpki.ripe.net,crl_expired,MEDIUM,Oct 10 09:08:58 rpki-client: rsync.paas.rpki.ripe.net/repository/fa1b8677-ea6b-4043-907d-59f4675f2977/0/C3A70AD7F32685733597C663E02CE28A3306F923.mft: CRL has expired
Oct 10 09:08:59,rsync.paas.rpki.ripe.net,crl_expired,MEDIUM,Oct 10 09:08:59 rpki-client: rsync.paas.rpki.ripe.net/repository/311e47c4-02f0-4657-9022-d2b83cff8755/0/FB64D48D941F2F324279CF863188D26D2056D11D.mft: CRL has expired
Oct 10 09:08:59,rsync.paas.rpki.ripe.net,crl_expired,MEDIUM,Oct 10 09:08:59 rpki-client: rsync.paas.rpki.ripe.net/repository/e7444556-0eb0-4590-b891-c3155eb1c830/0/FD6368054FB0AAA91220A19F78778FE8C871D9BC.mft: CRL has expired
Oct 10 09:09:01,rsync.paas.rpki.ripe.net,crl_expired,MEDIUM,Oct 10 09:09:01 rpki-client: rsync.paas.rpki.ripe.net/repository/c99265ef-22a9-4100-a23d-51a9d9feeb7d/3/7B08E26EA9F3D825ECCD64E5FDC355C852A7AF54.mft: CRL has expired
Oct 10 09:09:04,rsync.paas.rpki.ripe.net,crl_expired,MEDIUM,Oct 10 09:09:04 rpki-client: rsync.paas.rpki.ripe.net/repository/137bbed0-a12b-417b-a973-567f41a320d1/0/6F8A258586E22F8D1942882B7F8B9C2CE885D805.mft: CRL has expired
Oct 10 09:09:04,rsync.paas.rpki.ripe.net,crl_expired,MEDIUM,Oct 10 09:09:04 rpki-client: rsync.paas.rpki.ripe.net/repository/311e47c4-02f0-4657-9022-d2b83cff8755/5/53A2AA1601CC09214461D03CA771ED50EC1D6325.mft: CRL has expired
Oct 10 09:09:12,rsync.paas.rpki.ripe.net,crl_expired,MEDIUM,Oct 10 09:09:12 rpki-client: rsync.paas.rpki.ripe.net/repository/b64c075f-eb10-4426-bb40-3a833fe0f9fb/1/7DDB99F73E7B582C352890E3AD5785D3679F8891.mft: CRL has expired
Oct 10 09:09:13,rsync.paas.rpki.ripe.net,crl_expired,MEDIUM,Oct 10 09:09:13 rpki-client: rsync.paas.rpki.ripe.net/repository/dc1db4c4-1699-4d62-b0ee-25ed39c61ee5/0/C9BF0871D04EF96E327E1588796BD3697E0FF532.mft: CRL has expired
Oct 10 09:09:24,rpki-01.pdxnet.uk,crl_expired,MEDIUM,Oct 10 09:09:24 rpki-client: rpki-01.pdxnet.uk/repo/paradoxnetworks/0/0BCF853E803055C859EF10545EB1D58071242ACC.mft: CRL has expired
Oct 10 09:09:25,rpki.folf.systems,crl_expired,MEDIUM,Oct 10 09:09:25 rpki-client: rpki.folf.systems/repo/Folf-Systems/0/E883D1D2313A14E8659F604A65D65CE39A3F826B.mft: CRL has expired
Oct 10 09:09:26,rsync.paas.rpki.ripe.net,crl_expired,MEDIUM,Oct 10 09:09:26 rpki-client: rsync.paas.rpki.ripe.net/repository/beb8ea69-d68a-4a79-bb5d-68342170ba31/0/59730750F2A855056056BA7CF74A3E27B63A5A49.mft: CRL has expired
Oct 10 09:09:32,rsync.rpki.tianhai.link,crl_expired,MEDIUM,Oct 10 09:09:32 rpki-client: rsync.rpki.tianhai.link/repo/TianhaiRpki/1/911E180145E68F7315DA3AB2200D186671FFE75B.mft: CRL has expired
Oct 10 09:09:33,rsync.paas.rpki.ripe.net,crl_expired,MEDIUM,Oct 10 09:09:33 rpki-client: rsync.paas.rpki.ripe.net/repository/74c1572c-e97c-4100-aeff-1373f4e9433a/0/277DB6AB779E3D5333C97AB2285B988001C5E0C6.mft: CRL has expired
Oct 10 09:09:38,rsync.paas.rpki.ripe.net,crl_expired,MEDIUM,Oct 10 09:09:38 rpki-client: rsync.paas.rpki.ripe.net/repository/9566443b-dff4-4d13-bb81-72c8630d6df6/0/FF4F0B358CBD6C54ECCBEBF26F6D1A05F1D537E8.mft: CRL has expired
Oct 10 09:09:40,rsync.rpki.tianhai.link,crl_expired,MEDIUM,Oct 10 09:09:40 rpki-client: rsync.rpki.tianhai.link/repo/TianhaiRpki/0/3CDEC27384AADE5CA0809FD6F16D2BCA18BEB659.mft: CRL has expired
Oct 10 09:09:43,rsync.paas.rpki.ripe.net,crl_expired,MEDIUM,Oct 10 09:09:43 rpki-client: rsync.paas.rpki.ripe.net/repository/1bd306b4-e5c3-48f9-b2ee-36a9bdded8c4/1/25BB542055398CAC21DB2407FD8E7D795A10F5ED.mft: CRL has expired
Oct 10 09:09:50,rsync.paas.rpki.ripe.net,crl_expired,MEDIUM,Oct 10 09:09:50 rpki-client: rsync.paas.rpki.ripe.net/repository/b277449f-31b2-4578-a872-4b6e1340504f/0/036E2F88E56C86A436A3C4C7AB770FA78BC686CA.mft: CRL has expired
Oct 10 09:09:55,rsync.paas.rpki.ripe.net,crl_expired,MEDIUM,Oct 10 09:09:55 rpki-client: rsync.paas.rpki.ripe.net/repository/22a80682-c54c-4d5a-9456-b23925309732/1/6A3130ACFBFBA9017ADDEF637ACD312FC763829A.mft: CRL has expired
Oct 10 09:09:59,rsync.paas.rpki.ripe.net,crl_expired,MEDIUM,Oct 10 09:09:59 rpki-client: rsync.paas.rpki.ripe.net/repository/3c8e4e11-3aca-4305-acd4-f05e6c909115/0/B8288EA9E3D67DC3D38FA775181C4B2C87729BDF.mft: CRL has expired
Oct 10 09:10:00,rsync.paas.rpki.ripe.net,crl_expired,MEDIUM,Oct 10 09:10:00 rpki-client: rsync.paas.rpki.ripe.net/repository/d08bc49d-0338-4b5f-8204-0004a66105c9/0/5511F6D7DEF4C0FFB6E2B3B3F0C4455DCD14C160.mft: CRL has expired
Oct 10 09:10:03,rsync.paas.rpki.ripe.net,crl_expired,MEDIUM,Oct 10 09:10:03 rpki-client: rsync.paas.rpki.ripe.net/repository/d88b854e-092c-4d79-ac06-af380b08d12b/2/FD7A8C110A628469378572A2918653F6F8D726D2.mft: CRL has expired
Oct 10 09:10:12,rsync.paas.rpki.ripe.net,crl_expired,MEDIUM,Oct 10 09:10:12 rpki-client: rsync.paas.rpki.ripe.net/repository/378e5eb0-c019-4ff5-b260-4e1638121055/0/E9B75912FCA789B86CCEA3B1E09F1B5BFA84B503.mft: CRL has expired
Oct 10 09:10:12,rsync.paas.rpki.ripe.net,crl_expired,MEDIUM,Oct 10 09:10:12 rpki-client: rsync.paas.rpki.ripe.net/repository/140d7b73-de43-4336-8509-30a22dd398f5/0/5C7262A955ADA62839313DB8EDCA355BFB981427.mft: CRL has expired
Oct 10 09:10:18,rsync.paas.rpki.ripe.net,crl_expired,MEDIUM,Oct 10 09:10:18 rpki-client: rsync.paas.rpki.ripe.net/repository/80a6dc53-b20d-453a-b7e5-3e06ef42bd26/0/B1D3049AB90B73314F2ADFCAD639336D9320B35E.mft: CRL has expired
Oct 10 09:10:27,rsync.paas.rpki.ripe.net,crl_expired,MEDIUM,Oct 10 09:10:27 rpki-client: rsync.paas.rpki.ripe.net/repository/9af6c38e-8050-483d-a2cb-a61c9e2aa468/0/6827F6047A800EBE4B0DC6299C084EF05E0AAADE.mft: CRL has expired
Oct 10 09:10:27,rsync.paas.rpki.ripe.net,crl_expired,MEDIUM,Oct 10 09:10:27 rpki-client: rsync.paas.rpki.ripe.net/repository/8d5cd14e-5f63-4f1c-94e3-27050c266480/0/0CDB32D6253FBAFE07378A1A30946A73AEC7E3D4.mft: CRL has expired
Oct 10 09:10:28,rpki.zappiehost.com,crl_expired,MEDIUM,Oct 10 09:10:28 rpki-client: rpki.zappiehost.com/repo/TERITUM_UID_18858/1/91EFE7B33A66C7FDBB711F76D87E9353E530425B.mft: CRL has expired
Oct 10 09:10:30,rsync.paas.rpki.ripe.net,crl_expired,MEDIUM,Oct 10 09:10:30 rpki-client: rsync.paas.rpki.ripe.net/repository/ad0eb3cf-9a1b-4112-a607-ae98c2ab12a7/0/52F4CAA87D081FC25DDF117BE8A9FE990AA120BC.mft: CRL has expired
Oct 10 09:10:32,rsync.paas.rpki.ripe.net,crl_expired,MEDIUM,Oct 10 09:10:32 rpki-client: rsync.paas.rpki.ripe.net/repository/5440d602-b0ab-436f-a957-dfb487c66bb8/0/D490F856F80E807B7180EF46E3048FC5F28CF832.mft: CRL has expired
Oct 10 09:10:32,rsync.paas.rpki.ripe.net,crl_expired,MEDIUM,Oct 10 09:10:32 rpki-client: rsync.paas.rpki.ripe.net/repository/24db6e0e-696c-4f89-8d48-274559700af5/1/A9DD9F6B65491D90C4E19E9C960252466C2C9D12.mft: CRL has expired
Oct 10 09:11:34,rpki.qs.nu,crl_expired,MEDIUM,Oct 10 09:11:34 rpki-client: rpki.qs.nu/repo/cyntest/2/FF0595CB477C33B6B94C7E477213C842A6067D6B.mft: CRL has expired
Oct 10 09:11:40,rsync.paas.rpki.ripe.net,crl_expired,MEDIUM,Oct 10 09:11:40 rpki-client: rsync.paas.rpki.ripe.net/repository/8d5cd14e-5f63-4f1c-94e3-27050c266480/2/C4E6C3DAEB74BE45207EB80DEDF1FFD54BC0019E.mft: CRL has expired
Oct 10 09:11:41,rsync.rpki.tianhai.link,crl_expired,MEDIUM,Oct 10 09:11:41 rpki-client: rsync.rpki.tianhai.link/repo/TianhaiRpki/3/459D2B834A3BA08C0AA67C6E578146A8B1FE2C2F.mft: CRL has expired
Oct 10 09:11:48,rsync.paas.rpki.ripe.net,crl_expired,MEDIUM,Oct 10 09:11:48 rpki-client: rsync.paas.rpki.ripe.net/repository/8d5cd14e-5f63-4f1c-94e3-27050c266480/3/94A2F16DF417C32E057AA268C0E52C70D1A406C5.mft: CRL has expired
Oct 10 09:11:58,rsync.paas.rpki.ripe.net,crl_expired,MEDIUM,Oct 10 09:11:58 rpki-client: rsync.paas.rpki.ripe.net/repository/311e47c4-02f0-4657-9022-d2b83cff8755/1/EEB9FB9A329DDB5B94FC5E2424E572ECB9EEDE52.mft: CRL has expired
Oct 10 09:11:58,rpki-01.pdxnet.uk,crl_expired,MEDIUM,Oct 10 09:11:58 rpki-client: rpki-01.pdxnet.uk/repo/paradoxnetworks/8/F6386FABEA39210B665A6A55AE5DA66BE6741597.mft: CRL has expired
Oct 10 09:11:58,rpki.zappiehost.com,crl_expired,MEDIUM,Oct 10 09:11:58 rpki-client: rpki.zappiehost.com/repo/TERITUM_UID_18858/2/39AEFE2BA3F5A831FA397B7789C10D57E5D8BAD5.mft: CRL has expired
Oct 10 09:11:58,rsync.paas.rpki.ripe.net,crl_expired,MEDIUM,Oct 10 09:11:58 rpki-client: rsync.paas.rpki.ripe.net/repository/1bd306b4-e5c3-48f9-b2ee-36a9bdded8c4/8/6578E79662000496EB1540D8BD8FA65ED8D63A62.mft: CRL has expired
Oct 10 09:11:58,rsync.paas.rpki.ripe.net,crl_expired,MEDIUM,Oct 10 09:11:58 rpki-client: rsync.paas.rpki.ripe.net/repository/3253d973-d5bf-4541-bcc1-276543a25c7d/2/CDC014669D381152AFB94B76936268BFF73E7D50.mft: CRL has expired
Oct 10 09:11:59,rsync.paas.rpki.ripe.net,crl_expired,MEDIUM,Oct 10 09:11:59 rpki-client: rsync.paas.rpki.ripe.net/repository/02aed0a4-3e76-4830-bbb4-1cbc204352b3/0/5BE6F0781C3A7A74F993C53DC07FC424ED911592.mft: CRL has expired
Oct 10 09:11:59,rsync.paas.rpki.ripe.net,crl_expired,MEDIUM,Oct 10 09:11:59 rpki-client: rsync.paas.rpki.ripe.net/repository/8d5cd14e-5f63-4f1c-94e3-27050c266480/1/52285B8754F215EBEAB614DEB86E66DA3B37320C.mft: CRL has expired
Oct 10 09:11:59,rsync.paas.rpki.ripe.net,crl_expired,MEDIUM,Oct 10 09:11:59 rpki-client: rsync.paas.rpki.ripe.net/repository/311e47c4-02f0-4657-9022-d2b83cff8755/4/8E07D31C6452F7A6B24E63CDDC490E12E0AFB38C.mft: CRL has expired
Oct 10 09:11:59,rsync.paas.rpki.ripe.net,crl_expired,MEDIUM,Oct 10 09:11:59 rpki-client: rsync.paas.rpki.ripe.net/repository/3c8e4e11-3aca-4305-acd4-f05e6c909115/1/0874801164DC95F0AB9CCD4BD304A3EF78E9F39B.mft: CRL has expired
Oct 10 09:11:59,rsync.paas.rpki.ripe.net,crl_expired,MEDIUM,Oct 10 09:11:59 rpki-client: rsync.paas.rpki.ripe.net/repository/1bd306b4-e5c3-48f9-b2ee-36a9bdded8c4/7/946DE15D34BEAE24E29EA16A3FE1E6591B27AD9C.mft: CRL has expired
Oct 10 09:17:25,rpki-rsync.mnihyc.com,crl_expired,MEDIUM,Oct 10 09:17:25 rpki-client: rpki-rsync.mnihyc.com/repo/mnihyc-rpki/1/9FE9B4C3090206D5B28CED4F5179539F698ADB91.mft: CRL has expired
Oct 10 09:17:25,rsync.paas.rpki.ripe.net,crl_expired,MEDIUM,Oct 10 09:17:25 rpki-client: rsync.paas.rpki.ripe.net/repository/1bd306b4-e5c3-48f9-b2ee-36a9bdded8c4/9/6986DC82812C47DA14994B8E6E727B72E0B2F8D8.mft: CRL has expired
Oct 10 09:17:25,rpki-01.pdxnet.uk,crl_expired,MEDIUM,Oct 10 09:17:25 rpki-client: rpki-01.pdxnet.uk/repo/paradoxnetworks/9/46EF3896348D5F15EAE53B1980903A18328E4126.mft: CRL has expired
Oct 10 09:17:25,rsync.paas.rpki.ripe.net,crl_expired,MEDIUM,Oct 10 09:17:25 rpki-client: rsync.paas.rpki.ripe.net/repository/22a80682-c54c-4d5a-9456-b23925309732/2/FF4F1D48A6088FEC5ED73270F82068A436391A71.mft: CRL has expired
Oct 10 09:17:26,rpki.cnnic.cn,crl_expired,MEDIUM,Oct 10 09:17:26 rpki-client: rpki.cnnic.cn/rpki/A9162E3D0000/142/sTLT4KDPHu-UWlZnFbFefhSl_uM.mft: CRL has expired
Oct 10 09:17:26,rpki.cnnic.cn,crl_expired,MEDIUM,Oct 10 09:17:26 rpki-client: rpki.cnnic.cn/rpki/A9162E3D0000/2721/5A_yNW8ADHY6J2irxkot3hOi8-Q.mft: CRL has expired
Oct 10 09:17:26,rpki-rps.arin.net,crl_expired,MEDIUM,Oct 10 09:17:26 rpki-client: rpki-rps.arin.net/repository/8a848adf7f518c5d017f949e0c8c42f5/0/7DF55DC7DAC41CA7453595CB9A79AB7FE6C83531.mft: CRL has expired
Oct 10 09:17:26,rpki.tools.westconnect.ca,crl_expired,MEDIUM,Oct 10 09:17:26 rpki-client: rpki.tools.westconnect.ca/repo/WestConnect-Pub/0/86A99076610E7C08AEDDCE8767AA5DC4528C4908.mft: CRL has expired
Oct 10 09:17:26,rpki-rps.arin.net,crl_expired,MEDIUM,Oct 10 09:17:26 rpki-client: rpki-rps.arin.net/repository/8a848adf7fb722e9017ffead9f534ac5/0/BFA2750976CA07F56A68976B0F01EB862F17C3B3.mft: CRL has expired
Oct 10 09:17:27,ca.nat.moe,crl_expired,MEDIUM,Oct 10 09:17:27 rpki-client: ca.nat.moe/repo/NATOLAB/2/16257C19668C6713C4012B101E646266CD77B50D.mft: CRL has expired
Oct 10 09:17:44,rpki-rps.arin.net,crl_expired,MEDIUM,Oct 10 09:17:44 rpki-client: rpki-rps.arin.net/repository/8a848ade7fb71aa9017fdd9c5dd324c7/0/EB1DD8AA3E2B6864E06379C751DBFFFCC6418350.mft: CRL has expired
Oct 10 09:17:48,rpki-rps.arin.net,crl_expired,MEDIUM,Oct 10 09:17:48 rpki-client: rpki-rps.arin.net/repository/955bf72735874e48af40acc6610a1941/0/120377C4F445AF0358B3D5C8B6F1E7918DF865C0.mft: CRL has expired
Oct 10 09:17:50,rpki-rps.arin.net,crl_expired,MEDIUM,Oct 10 09:17:50 rpki-client: rpki-rps.arin.net/repository/8a848ade91fb43b4019288462c3804e6/0/389874291F32B753C52179673ADD5AD10FCB863D.mft: CRL has expired
Oct 10 09:17:55,rpki-01.pdxnet.uk,crl_expired,MEDIUM,Oct 10 09:17:55 rpki-client: rpki-01.pdxnet.uk/repo/paradoxnetworks/4/2629243C9E8DA7B14D0ABD25660A74AC4081C88B.mft: CRL has expired
Oct 10 09:17:55,rpki-rps.arin.net,crl_expired,MEDIUM,Oct 10 09:17:55 rpki-client: rpki-rps.arin.net/repository/8a848adf82d5e52101850b65b10b358b/0/E271AE55268B88C1E972A7EE85B1459D8DD2102C.mft: CRL has expired
Oct 10 09:17:55,rpki-rps.arin.net,crl_expired,MEDIUM,Oct 10 09:17:55 rpki-client: rpki-rps.arin.net/repository/8a848adf89e02e8b018ab95d1cec7a41/0/540B536AC1A2BB8FD1201662B430485BDE4FA6D0.mft: CRL has expired
Oct 10 09:17:55,rpki-rps.arin.net,crl_expired,MEDIUM,Oct 10 09:17:55 rpki-client: rpki-rps.arin.net/repository/8a848ade8baa579c018c63046aa94533/0/A2110BBC490FA9C5E85F6218D333DCDC5E34811D.mft: CRL has expired
Oct 10 09:17:55,repodepot.wildtky.com,crl_expired,MEDIUM,Oct 10 09:17:55 rpki-client: repodepot.wildtky.com/repo/TkyCA-Aug2025/0/0B6ED7CB025EBCB8EF80249C0945D3B411B12961.mft: CRL has expired
Oct 10 09:18:15,rpki-repo.registro.br,crl_expired,MEDIUM,Oct 10 09:18:15 rpki-client: rpki-repo.registro.br/repo/59vsPkhg8zPtVbZTKY3SirBSwEFgqus9MvaMXZF4Qgio/0/5C6AFB2EEC2F73A2F994EE3BB1F272FC0326DE4C.mft: CRL has expired
Oct 10 09:18:15,rpki-repo.registro.br,crl_expired,MEDIUM,Oct 10 09:18:15 rpki-client: rpki-repo.registro.br/repo/EsQE87pvLo2B2YGPSYHzVkh6AjKta7r5ffABNY5FjFNQ/0/4B2D308A10AC4264B7DC7D903FFE478F2A400E1D.mft: CRL has expired
Oct 10 09:18:15,rpki-repo.registro.br,crl_expired,MEDIUM,Oct 10 09:18:15 rpki-client: rpki-repo.registro.br/repo/5YNaAuts3DuZd2n3bps9ausCi4pCDoxNB35R3aCtptFH/0/080B71F7C9A8D5053202205F2D4B45549CFC1CBF.mft: CRL has expired
Oct 10 09:18:16,rpki-repo.registro.br,crl_expired,MEDIUM,Oct 10 09:18:16 rpki-client: rpki-repo.registro.br/repo/Bxy3vr7P8zkqY7DVrktnjXHMQnwmb4qpvqkFq9JdmfsB/1/08D977485835B00780D91B6CA4A1090CDA5D9B10.mft: CRL has expired
Oct 10 09:18:16,rpki-repo.registro.br,crl_expired,MEDIUM,Oct 10 09:18:16 rpki-client: rpki-repo.registro.br/repo/ARyNxJ93JKe7ssb7xKi6NN1cMsFp81FwMoGwRYZB7gxu/0/34FA07AB853C6431DB34402F636F4CBE0466335C.mft: CRL has expired
Oct 10 09:18:16,rpki-repo.registro.br,crl_expired,MEDIUM,Oct 10 09:18:16 rpki-client: rpki-repo.registro.br/repo/3KL4b4Kk8PQco6XosP4gGcxY2sbdiyPfJDDzS1vRsaLu/0/2F0B79B6E473982D91807611066BFFF4312B1B2D.mft: CRL has expired
Oct 10 09:18:16,rpki-repo.registro.br,crl_expired,MEDIUM,Oct 10 09:18:16 rpki-client: rpki-repo.registro.br/repo/87L2UMDHfRRePGsYAygtFuruKefmGuH6gqRV1fyHcetA/0/9CD4D59D4A056C10CF590161CCEA5C17CEC25722.mft: CRL has expired
Oct 10 09:18:17,rpki-repo.registro.br,crl_expired,MEDIUM,Oct 10 09:18:17 rpki-client: rpki-repo.registro.br/repo/53jjjTDfUAeRCqRwYJ6FMr9BoyyucU8ciwnPK4MhLywz/2/9C0B0F9C917C39C4E0A392991B6A86E0D4917406.mft: CRL has expired
Oct 10 09:18:17,rpki-repo.registro.br,crl_expired,MEDIUM,Oct 10 09:18:17 rpki-client: rpki-repo.registro.br/repo/CxLacMP8HhzLvRZpei26FAEXZkmJXCMC1iTEGJwMHyNX/1/14DCE6323F84F3FE671A04D650359F18CDAE5603.mft: CRL has expired
Oct 10 09:18:18,rpki-repo.registro.br,crl_expired,MEDIUM,Oct 10 09:18:18 rpki-client: rpki-repo.registro.br/repo/5MVgeL9hjjMMubBa1WYTTFXoF63ZxBGK42YRSXanLUoM/0/D05CE4E09A56473D03EDB36445192000C8B77A5D.mft: CRL has expired
Oct 10 09:18:18,rpki-repo.registro.br,crl_expired,MEDIUM,Oct 10 09:18:18 rpki-client: rpki-repo.registro.br/repo/7UQ2cocPwdQnF6G3Kqbz1LFyDnWa1XDenW2soMT16pgb/0/6B0C11B837A83E2CCE7B357DCB2AFEC631A4908E.mft: CRL has expired
Oct 10 09:18:19,rpki-repo.registro.br,crl_expired,MEDIUM,Oct 10 09:18:19 rpki-client: rpki-repo.registro.br/repo/ELYX2RgQuosNBPqmwTxvHZtfYfuRFa5iffCTbHcJEUpE/0/0CD7FB62FCCB72E4D772B49EC2BC2834624D1CCE.mft: CRL has expired
Oct 10 09:18:19,rpki-repo.registro.br,crl_expired,MEDIUM,Oct 10 09:18:19 rpki-client: rpki-repo.registro.br/repo/DvGjRXrma7jNGajs6mACSb5kBfYs6kuGt5rTV3exjvH9/1/A28F0C1ED18F48A669C76BA34CD72F2A1456A418.mft: CRL has expired
Oct 10 09:18:19,rpki-repo.registro.br,crl_expired,MEDIUM,Oct 10 09:18:19 rpki-client: rpki-repo.registro.br/repo/8sC7fgj3nPDR1bGJVS1A6oBLJoZDg3UtxQvYpitM6HSX/0/BF1ED920124A956078F54EF2E74C46A4BFC3F517.mft: CRL has expired
Oct 10 09:18:20,rpki-repo.registro.br,crl_expired,MEDIUM,Oct 10 09:18:20 rpki-client: rpki-repo.registro.br/repo/5x1DBr5uij9rUuc39pJTi2PBYzEiyBjXmZPicKy5AeUM/0/BDF984AA7B5F31ECB2ECE2B568883C09865443CB.mft: CRL has expired
Oct 10 09:18:20,rpki-repo.registro.br,crl_expired,MEDIUM,Oct 10 09:18:20 rpki-client: rpki-repo.registro.br/repo/33CtBvsse9zowJrQoVpUUDJgwvz4X11PrUvfo613fP8V/0/3E77CDECC872E54CA1EBCA25516249415AF1A86B.mft: CRL has expired
Oct 10 09:18:20,rpki-repo.registro.br,crl_expired,MEDIUM,Oct 10 09:18:20 rpki-client: rpki-repo.registro.br/repo/GpVrUihZaLxxgQi1cZ8C9sCckRrawjUm1QtA7sY62pfF/1/D123858020F0224957058CA805488D517D88F47A.mft: CRL has expired
Oct 10 09:18:20,rpki-repo.registro.br,crl_expired,MEDIUM,Oct 10 09:18:20 rpki-client: rpki-repo.registro.br/repo/DB2deZX76aiVqHZnwGbL1QhB4iJtF7RnLEUFMtpw2WN2/0/0F6E797F2CEEECD5EC1DA506202101CFA7C39FD2.mft: CRL has expired
Oct 10 09:18:20,rpki-repo.registro.br,crl_expired,MEDIUM,Oct 10 09:18:20 rpki-client: rpki-repo.registro.br/repo/14ReHpk6nNKY78BqS13JzFDTQ2KSXDbB4iTYUSfye781/1/91D34B9E6993B17B315517C2B8D7A7587070F90E.mft: CRL has expired
Oct 10 09:18:23,rpki-repo.registro.br,crl_expired,MEDIUM,Oct 10 09:18:23 rpki-client: rpki-repo.registro.br/repo/HEB45RzFg3G4iUiz4fuU4qT8PGo64RRPLtzaMWxfGUfR/0/8A6FD0B797ED6A627290062BC40CB751266060C8.mft: CRL has expired
Oct 10 09:18:23,rpki-repo.registro.br,crl_expired,MEDIUM,Oct 10 09:18:23 rpki-client: rpki-repo.registro.br/repo/dg5QANLhVfZ4gbYhF8xgxWUbAvcXgnSxBpoYBUQ9Lu7/0/81359337B1BD7DC8E7A661186EEC0BEE389C0BB4.mft: CRL has expired
Oct 10 09:18:24,rpki-repo.registro.br,crl_expired,MEDIUM,Oct 10 09:18:24 rpki-client: rpki-repo.registro.br/repo/AN9ws4yotJdPViMkNbEAu873z4v3cuPXzRkpnjgP8FJ1/0/FE4DA27833757CF1F5DCB4799D9D238117F31532.mft: CRL has expired
Oct 10 09:18:24,rpki-repo.registro.br,crl_expired,MEDIUM,Oct 10 09:18:24 rpki-client: rpki-repo.registro.br/repo/6wV6fDzJrw97QXzoH8he5DyZCMkFdheEbqudTqgkrSr5/0/202EC960E4D30720082CD719E1E72E6A76C5343A.mft: CRL has expired
Oct 10 09:18:24,rpki-repo.registro.br,crl_expired,MEDIUM,Oct 10 09:18:24 rpki-client: rpki-repo.registro.br/repo/DFfUyifCgAi3vwqrUy6HHhYB4SsDjgCNcy8PAfyhhbaR/1/FD5E4E3AECD6708F17553F15E6CFE9D262231785.mft: CRL has expired
Oct 10 09:18:25,rpki-repo.registro.br,crl_expired,MEDIUM,Oct 10 09:18:25 rpki-client: rpki-repo.registro.br/repo/Ejsw7b4xpEaFLMQtUZP2MvxNFX4FecShXpkiabtab19D/0/061B914BC0C6CDA6D37C2CB0708F7F728F9C5272.mft: CRL has expired
Oct 10 09:18:25,rpki-repo.registro.br,crl_expired,MEDIUM,Oct 10 09:18:25 rpki-client: rpki-repo.registro.br/repo/3tJGjvr6ueVqSSbFuvgSHnzNEyR2VkJHwMcu9TA9mamE/1/EC08655821585A0A5B7D6A0E52FC74EF51F90E73.mft: CRL has expired
Oct 10 09:18:26,rpki-01.pdxnet.uk,crl_expired,MEDIUM,Oct 10 09:18:26 rpki-client: rpki-01.pdxnet.uk/repo/paradoxnetworks/7/716ED138312A679CA1B1F88B3EF7301163F16356.mft: CRL has expired
Oct 10 09:18:34,rpki-01.pdxnet.uk,crl_expired,MEDIUM,Oct 10 09:18:34 rpki-client: rpki-01.pdxnet.uk/repo/paradoxnetworks/5/5A96B8985A8E62FB1094248D3B5B4A3BB24369EC.mft: CRL has expired
Oct 10 09:07:17,rsync.paas.rpki.ripe.net,crl_expired,MEDIUM,Oct 10 09:07:17 rpki-client: rsync.paas.rpki.ripe.net/repository/8d5cd14e-5f63-4f1c-94e3-27050c266480/3/94A2F16DF417C32E057AA268C0E52C70D1A406C5.mft: CRL has expired
Oct 10 09:07:17,rsync.paas.rpki.ripe.net,crl_expired,MEDIUM,Oct 10 09:07:17 rpki-client: rsync.paas.rpki.ripe.net/repository/8d5cd14e-5f63-4f1c-94e3-27050c266480/2/C4E6C3DAEB74BE45207EB80DEDF1FFD54BC0019E.mft: CRL has expired
Oct 10 09:07:31,rpki.cnnic.cn,crl_expired,MEDIUM,Oct 10 09:07:31 rpki-client: rpki.cnnic.cn/rpki/A9162E3D0000/142/sTLT4KDPHu-UWlZnFbFefhSl_uM.mft: CRL has expired
Oct 10 09:07:35,rpki.cnnic.cn,crl_expired,MEDIUM,Oct 10 09:07:35 rpki-client: rpki.cnnic.cn/rpki/A9162E3D0000/2721/5A_yNW8ADHY6J2irxkot3hOi8-Q.mft: CRL has expired
Oct 10 09:08:00,rpki-rsync.mnihyc.com,crl_expired,MEDIUM,Oct 10 09:08:00 rpki-client: rpki-rsync.mnihyc.com/repo/mnihyc-rpki/1/9FE9B4C3090206D5B28CED4F5179539F698ADB91.mft: CRL has expired
Oct 10 09:08:01,rpki.luys.cloud,crl_expired,MEDIUM,Oct 10 09:08:01 rpki-client: rpki.luys.cloud/repo/LY-RPKI/1/47717A8A2E301D872DAC129F2CBAC587F01A0813.mft: CRL has expired
Oct 10 09:11:28,rpki-repo.registro.br,crl_expired,MEDIUM,Oct 10 09:11:28 rpki-client: rpki-repo.registro.br/repo/5MVgeL9hjjMMubBa1WYTTFXoF63ZxBGK42YRSXanLUoM/0/D05CE4E09A56473D03EDB36445192000C8B77A5D.mft: CRL has expired
Oct 10 09:11:29,rpki-repo.registro.br,crl_expired,MEDIUM,Oct 10 09:11:29 rpki-client: rpki-repo.registro.br/repo/dg5QANLhVfZ4gbYhF8xgxWUbAvcXgnSxBpoYBUQ9Lu7/0/81359337B1BD7DC8E7A661186EEC0BEE389C0BB4.mft: CRL has expired
Oct 10 09:11:29,rpki-repo.registro.br,crl_expired,MEDIUM,Oct 10 09:11:29 rpki-client: rpki-repo.registro.br/repo/EsQE87pvLo2B2YGPSYHzVkh6AjKta7r5ffABNY5FjFNQ/0/4B2D308A10AC4264B7DC7D903FFE478F2A400E1D.mft: CRL has expired
Oct 10 09:11:29,rpki-repo.registro.br,crl_expired,MEDIUM,Oct 10 09:11:29 rpki-client: rpki-repo.registro.br/repo/59vsPkhg8zPtVbZTKY3SirBSwEFgqus9MvaMXZF4Qgio/0/5C6AFB2EEC2F73A2F994EE3BB1F272FC0326DE4C.mft: CRL has expired
Oct 10 09:11:31,rpki-repo.registro.br,crl_expired,MEDIUM,Oct 10 09:11:31 rpki-client: rpki-repo.registro.br/repo/3tJGjvr6ueVqSSbFuvgSHnzNEyR2VkJHwMcu9TA9mamE/1/EC08655821585A0A5B7D6A0E52FC74EF51F90E73.mft: CRL has expired
Oct 10 09:11:31,rpki-repo.registro.br,crl_expired,MEDIUM,Oct 10 09:11:31 rpki-client: rpki-repo.registro.br/repo/33CtBvsse9zowJrQoVpUUDJgwvz4X11PrUvfo613fP8V/0/3E77CDECC872E54CA1EBCA25516249415AF1A86B.mft: CRL has expired
Oct 10 09:11:31,rpki-repo.registro.br,crl_expired,MEDIUM,Oct 10 09:11:31 rpki-client: rpki-repo.registro.br/repo/ELYX2RgQuosNBPqmwTxvHZtfYfuRFa5iffCTbHcJEUpE/0/0CD7FB62FCCB72E4D772B49EC2BC2834624D1CCE.mft: CRL has expired
Oct 10 09:11:32,rpki-repo.registro.br,crl_expired,MEDIUM,Oct 10 09:11:32 rpki-client: rpki-repo.registro.br/repo/Ejsw7b4xpEaFLMQtUZP2MvxNFX4FecShXpkiabtab19D/0/061B914BC0C6CDA6D37C2CB0708F7F728F9C5272.mft: CRL has expired
Oct 10 09:11:32,rpki-repo.registro.br,crl_expired,MEDIUM,Oct 10 09:11:32 rpki-client: rpki-repo.registro.br/repo/5YNaAuts3DuZd2n3bps9ausCi4pCDoxNB35R3aCtptFH/0/080B71F7C9A8D5053202205F2D4B45549CFC1CBF.mft: CRL has expired
Oct 10 09:11:33,rpki-repo.registro.br,crl_expired,MEDIUM,Oct 10 09:11:33 rpki-client: rpki-repo.registro.br/repo/DvGjRXrma7jNGajs6mACSb5kBfYs6kuGt5rTV3exjvH9/1/A28F0C1ED18F48A669C76BA34CD72F2A1456A418.mft: CRL has expired
Oct 10 09:11:33,rpki-repo.registro.br,crl_expired,MEDIUM,Oct 10 09:11:33 rpki-client: rpki-repo.registro.br/repo/HEB45RzFg3G4iUiz4fuU4qT8PGo64RRPLtzaMWxfGUfR/0/8A6FD0B797ED6A627290062BC40CB751266060C8.mft: CRL has expired
Oct 10 09:11:35,rpki-repo.registro.br,crl_expired,MEDIUM,Oct 10 09:11:35 rpki-client: rpki-repo.registro.br/repo/CxLacMP8HhzLvRZpei26FAEXZkmJXCMC1iTEGJwMHyNX/1/14DCE6323F84F3FE671A04D650359F18CDAE5603.mft: CRL has expired
Oct 10 09:11:36,rpki-repo.registro.br,crl_expired,MEDIUM,Oct 10 09:11:36 rpki-client: rpki-repo.registro.br/repo/5x1DBr5uij9rUuc39pJTi2PBYzEiyBjXmZPicKy5AeUM/0/BDF984AA7B5F31ECB2ECE2B568883C09865443CB.mft: CRL has expired
Oct 10 09:11:37,rpki-repo.registro.br,crl_expired,MEDIUM,Oct 10 09:11:37 rpki-client: rpki-repo.registro.br/repo/6wV6fDzJrw97QXzoH8he5DyZCMkFdheEbqudTqgkrSr5/0/202EC960E4D30720082CD719E1E72E6A76C5343A.mft: CRL has expired
Oct 10 09:11:39,rpki-repo.registro.br,crl_expired,MEDIUM,Oct 10 09:11:39 rpki-client: rpki-repo.registro.br/repo/GpVrUihZaLxxgQi1cZ8C9sCckRrawjUm1QtA7sY62pfF/1/D123858020F0224957058CA805488D517D88F47A.mft: CRL has expired
Oct 10 09:11:40,rpki-repo.registro.br,crl_expired,MEDIUM,Oct 10 09:11:40 rpki-client: rpki-repo.registro.br/repo/14ReHpk6nNKY78BqS13JzFDTQ2KSXDbB4iTYUSfye781/1/91D34B9E6993B17B315517C2B8D7A7587070F90E.mft: CRL has expired
Oct 10 09:11:40,rpki-repo.registro.br,crl_expired,MEDIUM,Oct 10 09:11:40 rpki-client: rpki-repo.registro.br/repo/7UQ2cocPwdQnF6G3Kqbz1LFyDnWa1XDenW2soMT16pgb/0/6B0C11B837A83E2CCE7B357DCB2AFEC631A4908E.mft: CRL has expired
Oct 10 09:11:40,rpki-repo.registro.br,crl_expired,MEDIUM,Oct 10 09:11:40 rpki-client: rpki-repo.registro.br/repo/ARyNxJ93JKe7ssb7xKi6NN1cMsFp81FwMoGwRYZB7gxu/0/34FA07AB853C6431DB34402F636F4CBE0466335C.mft: CRL has expired
Oct 10 09:11:41,rpki-repo.registro.br,crl_expired,MEDIUM,Oct 10 09:11:41 rpki-client: rpki-repo.registro.br/repo/53jjjTDfUAeRCqRwYJ6FMr9BoyyucU8ciwnPK4MhLywz/2/9C0B0F9C917C39C4E0A392991B6A86E0D4917406.mft: CRL has expired
Oct 10 09:11:41,rpki-repo.registro.br,crl_expired,MEDIUM,Oct 10 09:11:41 rpki-client: rpki-repo.registro.br/repo/DB2deZX76aiVqHZnwGbL1QhB4iJtF7RnLEUFMtpw2WN2/0/0F6E797F2CEEECD5EC1DA506202101CFA7C39FD2.mft: CRL has expired
Oct 10 09:11:42,rpki-repo.registro.br,crl_expired,MEDIUM,Oct 10 09:11:42 rpki-client: rpki-repo.registro.br/repo/3KL4b4Kk8PQco6XosP4gGcxY2sbdiyPfJDDzS1vRsaLu/0/2F0B79B6E473982D91807611066BFFF4312B1B2D.mft: CRL has expired
Oct 10 09:11:42,rpki-repo.registro.br,crl_expired,MEDIUM,Oct 10 09:11:42 rpki-client: rpki-repo.registro.br/repo/DFfUyifCgAi3vwqrUy6HHhYB4SsDjgCNcy8PAfyhhbaR/1/FD5E4E3AECD6708F17553F15E6CFE9D262231785.mft: CRL has expired
Oct 10 09:11:42,rpki-repo.registro.br,crl_expired,MEDIUM,Oct 10 09:11:42 rpki-client: rpki-repo.registro.br/repo/87L2UMDHfRRePGsYAygtFuruKefmGuH6gqRV1fyHcetA/0/9CD4D59D4A056C10CF590161CCEA5C17CEC25722.mft: CRL has expired
Oct 10 09:11:43,rpki-repo.registro.br,crl_expired,MEDIUM,Oct 10 09:11:43 rpki-client: rpki-repo.registro.br/repo/8sC7fgj3nPDR1bGJVS1A6oBLJoZDg3UtxQvYpitM6HSX/0/BF1ED920124A956078F54EF2E74C46A4BFC3F517.mft: CRL has expired
Oct 10 09:11:43,rpki-repo.registro.br,crl_expired,MEDIUM,Oct 10 09:11:43 rpki-client: rpki-repo.registro.br/repo/AN9ws4yotJdPViMkNbEAu873z4v3cuPXzRkpnjgP8FJ1/0/FE4DA27833757CF1F5DCB4799D9D238117F31532.mft: CRL has expired
Oct 10 09:11:44,rpki-repo.registro.br,crl_expired,MEDIUM,Oct 10 09:11:44 rpki-client: rpki-repo.registro.br/repo/Bxy3vr7P8zkqY7DVrktnjXHMQnwmb4qpvqkFq9JdmfsB/1/08D977485835B00780D91B6CA4A1090CDA5D9B10.mft: CRL has expired
Oct 10 09:12:38,rsync.paas.rpki.ripe.net,crl_expired,MEDIUM,Oct 10 09:12:38 rpki-client: rsync.paas.rpki.ripe.net/repository/9566443b-dff4-4d13-bb81-72c8630d6df6/0/FF4F0B358CBD6C54ECCBEBF26F6D1A05F1D537E8.mft: CRL has expired
Oct 10 09:12:38,rsync.paas.rpki.ripe.net,crl_expired,MEDIUM,Oct 10 09:12:38 rpki-client: rsync.paas.rpki.ripe.net/repository/d88b854e-092c-4d79-ac06-af380b08d12b/2/FD7A8C110A628469378572A2918653F6F8D726D2.mft: CRL has expired
Oct 10 09:12:38,rsync.paas.rpki.ripe.net,crl_expired,MEDIUM,Oct 10 09:12:38 rpki-client: rsync.paas.rpki.ripe.net/repository/311e47c4-02f0-4657-9022-d2b83cff8755/0/FB64D48D941F2F324279CF863188D26D2056D11D.mft: CRL has expired
Oct 10 09:12:38,rsync.paas.rpki.ripe.net,crl_expired,MEDIUM,Oct 10 09:12:38 rpki-client: rsync.paas.rpki.ripe.net/repository/98826bce-854a-48c6-86af-93cf28393576/0/ADAA2DF4F9F7F1B10330C3AB0CE4598D59DFFDA0.mft: CRL has expired
Oct 10 09:12:40,rsync.paas.rpki.ripe.net,crl_expired,MEDIUM,Oct 10 09:12:40 rpki-client: rsync.paas.rpki.ripe.net/repository/ad0eb3cf-9a1b-4112-a607-ae98c2ab12a7/3/FC5EF1F664F6BB0E1AF7BDA53D67E0589B895E1F.mft: CRL has expired
Oct 10 09:12:40,rsync.paas.rpki.ripe.net,crl_expired,MEDIUM,Oct 10 09:12:40 rpki-client: rsync.paas.rpki.ripe.net/repository/2feab205-d14b-4a2a-a38a-6be9ee483ace/0/EC6C7177521BD791A07FA0AA12E710B684F06985.mft: CRL has expired
Oct 10 09:12:45,rsync.paas.rpki.ripe.net,crl_expired,MEDIUM,Oct 10 09:12:45 rpki-client: rsync.paas.rpki.ripe.net/repository/fa1b8677-ea6b-4043-907d-59f4675f2977/0/C3A70AD7F32685733597C663E02CE28A3306F923.mft: CRL has expired
Oct 10 09:12:47,rsync.paas.rpki.ripe.net,crl_expired,MEDIUM,Oct 10 09:12:47 rpki-client: rsync.paas.rpki.ripe.net/repository/22a80682-c54c-4d5a-9456-b23925309732/1/6A3130ACFBFBA9017ADDEF637ACD312FC763829A.mft: CRL has expired
Oct 10 09:12:47,rpki-01.pdxnet.uk,crl_expired,MEDIUM,Oct 10 09:12:47 rpki-client: rpki-01.pdxnet.uk/repo/paradoxnetworks/0/0BCF853E803055C859EF10545EB1D58071242ACC.mft: CRL has expired
Oct 10 09:12:49,rsync.paas.rpki.ripe.net,crl_expired,MEDIUM,Oct 10 09:12:49 rpki-client: rsync.paas.rpki.ripe.net/repository/ad0eb3cf-9a1b-4112-a607-ae98c2ab12a7/0/52F4CAA87D081FC25DDF117BE8A9FE990AA120BC.mft: CRL has expired
Oct 10 09:12:50,rsync.paas.rpki.ripe.net,crl_expired,MEDIUM,Oct 10 09:12:50 rpki-client: rsync.paas.rpki.ripe.net/repository/311e47c4-02f0-4657-9022-d2b83cff8755/5/53A2AA1601CC09214461D03CA771ED50EC1D6325.mft: CRL has expired
Oct 10 09:12:50,rsync.paas.rpki.ripe.net,crl_expired,MEDIUM,Oct 10 09:12:50 rpki-client: rsync.paas.rpki.ripe.net/repository/d08bc49d-0338-4b5f-8204-0004a66105c9/0/5511F6D7DEF4C0FFB6E2B3B3F0C4455DCD14C160.mft: CRL has expired
Oct 10 09:12:54,rsync.paas.rpki.ripe.net,crl_expired,MEDIUM,Oct 10 09:12:54 rpki-client: rsync.paas.rpki.ripe.net/repository/137bbed0-a12b-417b-a973-567f41a320d1/0/6F8A258586E22F8D1942882B7F8B9C2CE885D805.mft: CRL has expired
Oct 10 09:12:54,rsync.paas.rpki.ripe.net,crl_expired,MEDIUM,Oct 10 09:12:54 rpki-client: rsync.paas.rpki.ripe.net/repository/378e5eb0-c019-4ff5-b260-4e1638121055/0/E9B75912FCA789B86CCEA3B1E09F1B5BFA84B503.mft: CRL has expired
Oct 10 09:13:03,rsync.paas.rpki.ripe.net,crl_expired,MEDIUM,Oct 10 09:13:03 rpki-client: rsync.paas.rpki.ripe.net/repository/330c7f5c-faae-4354-b920-e20bd0425bb9/0/2E1EDE80640C9F484F75DD39C13ED6C70E074A03.mft: CRL has expired
Oct 10 09:13:04,rpki.folf.systems,crl_expired,MEDIUM,Oct 10 09:13:04 rpki-client: rpki.folf.systems/repo/Folf-Systems/0/E883D1D2313A14E8659F604A65D65CE39A3F826B.mft: CRL has expired
Oct 10 09:13:10,rsync.paas.rpki.ripe.net,crl_expired,MEDIUM,Oct 10 09:13:10 rpki-client: rsync.paas.rpki.ripe.net/repository/c99265ef-22a9-4100-a23d-51a9d9feeb7d/3/7B08E26EA9F3D825ECCD64E5FDC355C852A7AF54.mft: CRL has expired
Oct 10 09:13:11,rsync.paas.rpki.ripe.net,crl_expired,MEDIUM,Oct 10 09:13:11 rpki-client: rsync.paas.rpki.ripe.net/repository/c99265ef-22a9-4100-a23d-51a9d9feeb7d/0/D93EF0701E8CA6ED0A0E6D46A38B8D8CF3091285.mft: CRL has expired
Oct 10 09:13:12,rsync.paas.rpki.ripe.net,crl_expired,MEDIUM,Oct 10 09:13:12 rpki-client: rsync.paas.rpki.ripe.net/repository/dc1db4c4-1699-4d62-b0ee-25ed39c61ee5/0/C9BF0871D04EF96E327E1588796BD3697E0FF532.mft: CRL has expired
Oct 10 09:13:15,rsync.paas.rpki.ripe.net,crl_expired,MEDIUM,Oct 10 09:13:15 rpki-client: rsync.paas.rpki.ripe.net/repository/74c1572c-e97c-4100-aeff-1373f4e9433a/0/277DB6AB779E3D5333C97AB2285B988001C5E0C6.mft: CRL has expired
Oct 10 09:13:19,rsync.paas.rpki.ripe.net,crl_expired,MEDIUM,Oct 10 09:13:19 rpki-client: rsync.paas.rpki.ripe.net/repository/3c8e4e11-3aca-4305-acd4-f05e6c909115/0/B8288EA9E3D67DC3D38FA775181C4B2C87729BDF.mft: CRL has expired
Oct 10 09:13:29,rsync.paas.rpki.ripe.net,crl_expired,MEDIUM,Oct 10 09:13:29 rpki-client: rsync.paas.rpki.ripe.net/repository/e7444556-0eb0-4590-b891-c3155eb1c830/0/FD6368054FB0AAA91220A19F78778FE8C871D9BC.mft: CRL has expired
Oct 10 09:13:34,rsync.paas.rpki.ripe.net,crl_expired,MEDIUM,Oct 10 09:13:34 rpki-client: rsync.paas.rpki.ripe.net/repository/1bd306b4-e5c3-48f9-b2ee-36a9bdded8c4/1/25BB542055398CAC21DB2407FD8E7D795A10F5ED.mft: CRL has expired
Oct 10 09:13:34,rsync.paas.rpki.ripe.net,crl_expired,MEDIUM,Oct 10 09:13:34 rpki-client: rsync.paas.rpki.ripe.net/repository/140d7b73-de43-4336-8509-30a22dd398f5/0/5C7262A955ADA62839313DB8EDCA355BFB981427.mft: CRL has expired
Oct 10 09:13:41,rsync.paas.rpki.ripe.net,crl_expired,MEDIUM,Oct 10 09:13:41 rpki-client: rsync.paas.rpki.ripe.net/repository/b64c075f-eb10-4426-bb40-3a833fe0f9fb/1/7DDB99F73E7B582C352890E3AD5785D3679F8891.mft: CRL has expired
Oct 10 09:13:41,rsync.paas.rpki.ripe.net,crl_expired,MEDIUM,Oct 10 09:13:41 rpki-client: rsync.paas.rpki.ripe.net/repository/8d5cd14e-5f63-4f1c-94e3-27050c266480/0/0CDB32D6253FBAFE07378A1A30946A73AEC7E3D4.mft: CRL has expired
Oct 10 09:13:42,rsync.paas.rpki.ripe.net,crl_expired,MEDIUM,Oct 10 09:13:42 rpki-client: rsync.paas.rpki.ripe.net/repository/b277449f-31b2-4578-a872-4b6e1340504f/0/036E2F88E56C86A436A3C4C7AB770FA78BC686CA.mft: CRL has expired
Oct 10 09:13:46,rsync.paas.rpki.ripe.net,crl_expired,MEDIUM,Oct 10 09:13:46 rpki-client: rsync.paas.rpki.ripe.net/repository/5440d602-b0ab-436f-a957-dfb487c66bb8/0/D490F856F80E807B7180EF46E3048FC5F28CF832.mft: CRL has expired
Oct 10 09:13:46,rsync.paas.rpki.ripe.net,crl_expired,MEDIUM,Oct 10 09:13:46 rpki-client: rsync.paas.rpki.ripe.net/repository/9af6c38e-8050-483d-a2cb-a61c9e2aa468/0/6827F6047A800EBE4B0DC6299C084EF05E0AAADE.mft: CRL has expired
Oct 10 09:13:46,rsync.paas.rpki.ripe.net,crl_expired,MEDIUM,Oct 10 09:13:46 rpki-client: rsync.paas.rpki.ripe.net/repository/bcbbf0bf-a2e0-42a4-8293-711496eb66d2/0/BEEB4B595E9E084649D0ABE5B77B8DFF736D03F3.mft: CRL has expired
Oct 10 09:13:47,rsync.paas.rpki.ripe.net,crl_expired,MEDIUM,Oct 10 09:13:47 rpki-client: rsync.paas.rpki.ripe.net/repository/4bfa7a9f-28d3-45b0-a839-a57519ecaeae/0/C3F4E167A6B1633379B9981D8A565B7AFB81DC90.mft: CRL has expired
Oct 10 09:13:52,rsync.paas.rpki.ripe.net,crl_expired,MEDIUM,Oct 10 09:13:52 rpki-client: rsync.paas.rpki.ripe.net/repository/24db6e0e-696c-4f89-8d48-274559700af5/1/A9DD9F6B65491D90C4E19E9C960252466C2C9D12.mft: CRL has expired
Oct 10 09:13:56,rsync.paas.rpki.ripe.net,crl_expired,MEDIUM,Oct 10 09:13:56 rpki-client: rsync.paas.rpki.ripe.net/repository/80a6dc53-b20d-453a-b7e5-3e06ef42bd26/0/B1D3049AB90B73314F2ADFCAD639336D9320B35E.mft: CRL has expired
Oct 10 09:13:59,rsync.paas.rpki.ripe.net,crl_expired,MEDIUM,Oct 10 09:13:59 rpki-client: rsync.paas.rpki.ripe.net/repository/4e650b54-abc4-4418-aeb6-088a50d1d5f1/1/D7B42D8A567C7905A57C26B0BBACEA84833B5998.mft: CRL has expired
Oct 10 09:13:59,rsync.paas.rpki.ripe.net,crl_expired,MEDIUM,Oct 10 09:13:59 rpki-client: rsync.paas.rpki.ripe.net/repository/beb8ea69-d68a-4a79-bb5d-68342170ba31/0/59730750F2A855056056BA7CF74A3E27B63A5A49.mft: CRL has expired
Oct 10 09:15:28,rpki-01.pdxnet.uk,crl_expired,MEDIUM,Oct 10 09:15:28 rpki-client: rpki-01.pdxnet.uk/repo/paradoxnetworks/8/F6386FABEA39210B665A6A55AE5DA66BE6741597.mft: CRL has expired
Oct 10 09:15:28,rsync.paas.rpki.ripe.net,crl_expired,MEDIUM,Oct 10 09:15:28 rpki-client: rsync.paas.rpki.ripe.net/repository/1bd306b4-e5c3-48f9-b2ee-36a9bdded8c4/8/6578E79662000496EB1540D8BD8FA65ED8D63A62.mft: CRL has expired
Oct 10 09:15:29,rsync.paas.rpki.ripe.net,crl_expired,MEDIUM,Oct 10 09:15:29 rpki-client: rsync.paas.rpki.ripe.net/repository/02aed0a4-3e76-4830-bbb4-1cbc204352b3/0/5BE6F0781C3A7A74F993C53DC07FC424ED911592.mft: CRL has expired
Oct 10 09:15:29,rsync.paas.rpki.ripe.net,crl_expired,MEDIUM,Oct 10 09:15:29 rpki-client: rsync.paas.rpki.ripe.net/repository/8d5cd14e-5f63-4f1c-94e3-27050c266480/1/52285B8754F215EBEAB614DEB86E66DA3B37320C.mft: CRL has expired
Oct 10 09:15:29,rsync.paas.rpki.ripe.net,crl_expired,MEDIUM,Oct 10 09:15:29 rpki-client: rsync.paas.rpki.ripe.net/repository/311e47c4-02f0-4657-9022-d2b83cff8755/4/8E07D31C6452F7A6B24E63CDDC490E12E0AFB38C.mft: CRL has expired
Oct 10 09:15:29,rsync.paas.rpki.ripe.net,crl_expired,MEDIUM,Oct 10 09:15:29 rpki-client: rsync.paas.rpki.ripe.net/repository/3c8e4e11-3aca-4305-acd4-f05e6c909115/1/0874801164DC95F0AB9CCD4BD304A3EF78E9F39B.mft: CRL has expired
Oct 10 09:15:29,rsync.paas.rpki.ripe.net,crl_expired,MEDIUM,Oct 10 09:15:29 rpki-client: rsync.paas.rpki.ripe.net/repository/1bd306b4-e5c3-48f9-b2ee-36a9bdded8c4/7/946DE15D34BEAE24E29EA16A3FE1E6591B27AD9C.mft: CRL has expired
Oct 10 09:15:29,rsync.paas.rpki.ripe.net,crl_expired,MEDIUM,Oct 10 09:15:29 rpki-client: rsync.paas.rpki.ripe.net/repository/311e47c4-02f0-4657-9022-d2b83cff8755/1/EEB9FB9A329DDB5B94FC5E2424E572ECB9EEDE52.mft: CRL has expired
Oct 10 09:15:29,rpki.qs.nu,crl_expired,MEDIUM,Oct 10 09:15:29 rpki-client: rpki.qs.nu/repo/cyntest/2/FF0595CB477C33B6B94C7E477213C842A6067D6B.mft: CRL has expired
Oct 10 09:15:29,rsync.paas.rpki.ripe.net,crl_expired,MEDIUM,Oct 10 09:15:29 rpki-client: rsync.paas.rpki.ripe.net/repository/3253d973-d5bf-4541-bcc1-276543a25c7d/2/CDC014669D381152AFB94B76936268BFF73E7D50.mft: CRL has expired
Oct 10 09:21:33,rpki-01.pdxnet.uk,crl_expired,MEDIUM,Oct 10 09:21:33 rpki-client: rpki-01.pdxnet.uk/repo/paradoxnetworks/9/46EF3896348D5F15EAE53B1980903A18328E4126.mft: CRL has expired
Oct 10 09:21:33,rsync.paas.rpki.ripe.net,crl_expired,MEDIUM,Oct 10 09:21:33 rpki-client: rsync.paas.rpki.ripe.net/repository/22a80682-c54c-4d5a-9456-b23925309732/2/FF4F1D48A6088FEC5ED73270F82068A436391A71.mft: CRL has expired
Oct 10 09:21:33,rsync.paas.rpki.ripe.net,crl_expired,MEDIUM,Oct 10 09:21:33 rpki-client: rsync.paas.rpki.ripe.net/repository/1bd306b4-e5c3-48f9-b2ee-36a9bdded8c4/9/6986DC82812C47DA14994B8E6E727B72E0B2F8D8.mft: CRL has expired
Oct 10 09:21:34,rpki-rps.arin.net,crl_expired,MEDIUM,Oct 10 09:21:34 rpki-client: rpki-rps.arin.net/repository/8a848ade91fb43b4019288462c3804e6/0/389874291F32B753C52179673ADD5AD10FCB863D.mft: CRL has expired
Oct 10 09:21:34,rpki-rps.arin.net,crl_expired,MEDIUM,Oct 10 09:21:34 rpki-client: rpki-rps.arin.net/repository/8a848adf82d5e52101850b65b10b358b/0/E271AE55268B88C1E972A7EE85B1459D8DD2102C.mft: CRL has expired
Oct 10 09:21:34,rpki-01.pdxnet.uk,crl_expired,MEDIUM,Oct 10 09:21:34 rpki-client: rpki-01.pdxnet.uk/repo/paradoxnetworks/4/2629243C9E8DA7B14D0ABD25660A74AC4081C88B.mft: CRL has expired
Oct 10 09:21:34,rpki-rps.arin.net,crl_expired,MEDIUM,Oct 10 09:21:34 rpki-client: rpki-rps.arin.net/repository/8a848adf7f518c5d017f949e0c8c42f5/0/7DF55DC7DAC41CA7453595CB9A79AB7FE6C83531.mft: CRL has expired
Oct 10 09:21:34,rpki-rps.arin.net,crl_expired,MEDIUM,Oct 10 09:21:34 rpki-client: rpki-rps.arin.net/repository/8a848adf89e02e8b018ab95d1cec7a41/0/540B536AC1A2BB8FD1201662B430485BDE4FA6D0.mft: CRL has expired
Oct 10 09:21:34,repodepot.wildtky.com,crl_expired,MEDIUM,Oct 10 09:21:34 rpki-client: repodepot.wildtky.com/repo/TkyCA-Aug2025/0/0B6ED7CB025EBCB8EF80249C0945D3B411B12961.mft: CRL has expired
Oct 10 09:21:41,rpki-rps.arin.net,crl_expired,MEDIUM,Oct 10 09:21:41 rpki-client: rpki-rps.arin.net/repository/8a848ade7fb71aa9017fdd9c5dd324c7/0/EB1DD8AA3E2B6864E06379C751DBFFFCC6418350.mft: CRL has expired
Oct 10 09:21:41,rpki-rps.arin.net,crl_expired,MEDIUM,Oct 10 09:21:41 rpki-client: rpki-rps.arin.net/repository/8a848ade8baa579c018c63046aa94533/0/A2110BBC490FA9C5E85F6218D333DCDC5E34811D.mft: CRL has expired
Oct 10 09:21:42,ca.nat.moe,crl_expired,MEDIUM,Oct 10 09:21:42 rpki-client: ca.nat.moe/repo/NATOLAB/2/16257C19668C6713C4012B101E646266CD77B50D.mft: CRL has expired
Oct 10 09:21:42,rpki.tools.westconnect.ca,crl_expired,MEDIUM,Oct 10 09:21:42 rpki-client: rpki.tools.westconnect.ca/repo/WestConnect-Pub/0/86A99076610E7C08AEDDCE8767AA5DC4528C4908.mft: CRL has expired
Oct 10 09:21:42,rpki-rps.arin.net,crl_expired,MEDIUM,Oct 10 09:21:42 rpki-client: rpki-rps.arin.net/repository/8a848adf7fb722e9017ffead9f534ac5/0/BFA2750976CA07F56A68976B0F01EB862F17C3B3.mft: CRL has expired
Oct 10 09:21:42,rpki-rps.arin.net,crl_expired,MEDIUM,Oct 10 09:21:42 rpki-client: rpki-rps.arin.net/repository/955bf72735874e48af40acc6610a1941/0/120377C4F445AF0358B3D5C8B6F1E7918DF865C0.mft: CRL has expired
Oct 10 09:21:56,rpki-01.pdxnet.uk,crl_expired,MEDIUM,Oct 10 09:21:56 rpki-client: rpki-01.pdxnet.uk/repo/paradoxnetworks/5/5A96B8985A8E62FB1094248D3B5B4A3BB24369EC.mft: CRL has expired
Oct 10 09:21:56,rpki-01.pdxnet.uk,crl_expired,MEDIUM,Oct 10 09:21:56 rpki-client: rpki-01.pdxnet.uk/repo/paradoxnetworks/7/716ED138312A679CA1B1F88B3EF7301163F16356.mft: CRL has expired
Oct 10 09:08:37,rsync.paas.rpki.ripe.net,manifest_unavailable,MEDIUM,Oct 10 09:08:37 rpki-client: rsync.paas.rpki.ripe.net/repository/32bfd357-d83b-400a-8c46-4fbd1119f4a3/2/C5557C97D7BBFF47CA22AD5FB9F0589FAAF159BD.mft: no valid manifest available
Oct 10 09:08:44,rsync.paas.rpki.ripe.net,manifest_unavailable,MEDIUM,Oct 10 09:08:44 rpki-client: rsync.paas.rpki.ripe.net/repository/c58479df-f5b7-4453-92bf-de1f61b3d4b0/0/C3D6B867FF984DC7C5EACCD2DA3F92CF3C677DAB.mft: no valid manifest available
Oct 10 09:08:49,rpki.netiface.net,manifest_unavailable,MEDIUM,Oct 10 09:08:49 rpki-client: rpki.netiface.net/repo/Civilized/0/C5947ECC8683AD0DBCD95A8F332F0CAA13574790.mft: no valid manifest available
Oct 10 09:08:53,rsync.paas.rpki.ripe.net,manifest_unavailable,MEDIUM,Oct 10 09:08:53 rpki-client: rsync.paas.rpki.ripe.net/repository/32bfd357-d83b-400a-8c46-4fbd1119f4a3/2/4AFA0771812E6637D8B18A1FF50F41F3498669A9.mft: no valid manifest available
Oct 10 09:09:06,rsync.paas.rpki.ripe.net,manifest_unavailable,MEDIUM,Oct 10 09:09:06 rpki-client: rsync.paas.rpki.ripe.net/repository/09f71023-9049-4ecb-a8a5-7f08d8ead676/0/5F01AE1836D7DA777EBB90A1EA97D37C300118E8.mft: no valid manifest available
Oct 10 09:09:16,rpki.netiface.net,manifest_unavailable,MEDIUM,Oct 10 09:09:16 rpki-client: rpki.netiface.net/repo/Civilized/0/593E81C92EF98F9130AC43641AAE8022546E9F4A.mft: no valid manifest available
Oct 10 09:09:24,rpki.0i1.eu,manifest_unavailable,MEDIUM,Oct 10 09:09:24 rpki-client: rpki.0i1.eu/repo/h45/0/7C5CDC3FD51653B5120B4EBEDD2FA382240A5868.mft: no valid manifest available
Oct 10 09:09:34,oto.wakuwaku.ne.jp,manifest_unavailable,MEDIUM,Oct 10 09:09:34 rpki-client: oto.wakuwaku.ne.jp/pki/simple/0/398357E569F1D4C03D26A7636E00D36AB796A703.mft: no valid manifest available
Oct 10 09:10:04,oto.wakuwaku.ne.jp,manifest_unavailable,MEDIUM,Oct 10 09:10:04 rpki-client: oto.wakuwaku.ne.jp/pki/202400/2/93315FBBDD477E024849BB6F66D8FB94395F6350.mft: no valid manifest available
Oct 10 09:10:12,pub.krill.ausra.cloud,manifest_unavailable,MEDIUM,Oct 10 09:10:12 rpki-client: pub.krill.ausra.cloud/repo/Ausra-Systems-Internal-CA/0/B32E3E3753E1C34EB8EC09DDA363F06C67B7DB8A.mft: no valid manifest available
Oct 10 09:10:12,rsync.paas.rpki.ripe.net,manifest_unavailable,MEDIUM,Oct 10 09:10:12 rpki-client: rsync.paas.rpki.ripe.net/repository/240ce547-40ef-4f04-95be-088f3bc02503/0/10DAC6AAF940C7C5FF1B83ECA3526D46BA475093.mft: no valid manifest available
Oct 10 09:10:33,rpki.leitecastro.com,manifest_unavailable,MEDIUM,Oct 10 09:10:33 rpki-client: rpki.leitecastro.com/repo/CASTRO-INTERNET/0/BC5BDB97E9476F50638158886D4D97026A5B7AA6.mft: no valid manifest available
Oct 10 09:11:38,rsync.paas.rpki.ripe.net,manifest_unavailable,MEDIUM,Oct 10 09:11:38 rpki-client: rsync.paas.rpki.ripe.net/repository/5632dc04-68db-4791-87de-0683e3c28646/5/A7B843EC30FEA310A38C314F45D38E00BAB9B180.mft: no valid manifest available
Oct 10 09:11:40,rsync.paas.rpki.ripe.net,manifest_unavailable,MEDIUM,Oct 10 09:11:40 rpki-client: rsync.paas.rpki.ripe.net/repository/f765635d-31b9-4421-97fa-f056eb141a16/5/D84DB8E71BA79F856C5E059726BA62950F343CCE.mft: no valid manifest available
Oct 10 09:11:40,rsync.paas.rpki.ripe.net,manifest_unavailable,MEDIUM,Oct 10 09:11:40 rpki-client: rsync.paas.rpki.ripe.net/repository/f765635d-31b9-4421-97fa-f056eb141a16/5/D6F81145ED8982DB07845B74C04ED0CA8CFAF26A.mft: no valid manifest available
Oct 10 09:11:41,rsync.paas.rpki.ripe.net,manifest_unavailable,MEDIUM,Oct 10 09:11:41 rpki-client: rsync.paas.rpki.ripe.net/repository/5632dc04-68db-4791-87de-0683e3c28646/6/5C449CF3CC3DDC70B224537B8DCEEC1E3563ACE4.mft: no valid manifest available
Oct 10 09:11:45,rsync.paas.rpki.ripe.net,manifest_unavailable,MEDIUM,Oct 10 09:11:45 rpki-client: rsync.paas.rpki.ripe.net/repository/f765635d-31b9-4421-97fa-f056eb141a16/6/7ED6D46A92380955B1E440D489772C74592006C8.mft: no valid manifest available
Oct 10 09:11:53,rsync.paas.rpki.ripe.net,manifest_unavailable,MEDIUM,Oct 10 09:11:53 rpki-client: rsync.paas.rpki.ripe.net/repository/f765635d-31b9-4421-97fa-f056eb141a16/6/EB28E9680B83512793C6973868B923D758D0D8A9.mft: no valid manifest available
Oct 10 09:17:44,rpki.luys.cloud,manifest_unavailable,MEDIUM,Oct 10 09:17:44 rpki-client: rpki.luys.cloud/repo/LY-RPKI/1/47717A8A2E301D872DAC129F2CBAC587F01A0813.mft: no valid manifest available
Oct 10 09:17:50,rpki.leitecastro.com,manifest_unavailable,MEDIUM,Oct 10 09:17:50 rpki-client: rpki.leitecastro.com/repo/CASTRO-INTERNET/1/A1564CCE2E9C7324D318FCB4A08A00BB09F3B469.mft: no valid manifest available
Oct 10 09:17:55,rpki-rps.arin.net,manifest_unavailable,MEDIUM,Oct 10 09:17:55 rpki-client: rpki-rps.arin.net/repository/8a848adf8f0b806c018fa5136e29184a/1/2AAC42AB07A1BF97E63560510DCB7B28CE11B9EC.mft: no valid manifest available
Oct 10 09:07:16,rsync.rpki.tianhai.link,manifest_unavailable,MEDIUM,Oct 10 09:07:16 rpki-client: rsync.rpki.tianhai.link/repo/TianhaiRpki/3/459D2B834A3BA08C0AA67C6E578146A8B1FE2C2F.mft: no valid manifest available
Oct 10 09:07:16,rpki.admin.freerangecloud.com,manifest_unavailable,MEDIUM,Oct 10 09:07:16 rpki-client: rpki.admin.freerangecloud.com/repo/FRC-CA/2/5D35939557110CC43429AE301F7CEF0E5889942B.mft: no valid manifest available
Oct 10 09:07:17,rsync.paas.rpki.ripe.net,manifest_unavailable,MEDIUM,Oct 10 09:07:17 rpki-client: rsync.paas.rpki.ripe.net/repository/f765635d-31b9-4421-97fa-f056eb141a16/6/EB28E9680B83512793C6973868B923D758D0D8A9.mft: no valid manifest available
Oct 10 09:07:17,rsync.paas.rpki.ripe.net,manifest_unavailable,MEDIUM,Oct 10 09:07:17 rpki-client: rsync.paas.rpki.ripe.net/repository/5632dc04-68db-4791-87de-0683e3c28646/6/5C449CF3CC3DDC70B224537B8DCEEC1E3563ACE4.mft: no valid manifest available
Oct 10 09:07:17,rsync.paas.rpki.ripe.net,manifest_unavailable,MEDIUM,Oct 10 09:07:17 rpki-client: rsync.paas.rpki.ripe.net/repository/f765635d-31b9-4421-97fa-f056eb141a16/5/D6F81145ED8982DB07845B74C04ED0CA8CFAF26A.mft: no valid manifest available
Oct 10 09:07:17,rsync.paas.rpki.ripe.net,manifest_unavailable,MEDIUM,Oct 10 09:07:17 rpki-client: rsync.paas.rpki.ripe.net/repository/5632dc04-68db-4791-87de-0683e3c28646/5/A7B843EC30FEA310A38C314F45D38E00BAB9B180.mft: no valid manifest available
Oct 10 09:07:17,rsync.paas.rpki.ripe.net,manifest_unavailable,MEDIUM,Oct 10 09:07:17 rpki-client: rsync.paas.rpki.ripe.net/repository/f765635d-31b9-4421-97fa-f056eb141a16/5/D84DB8E71BA79F856C5E059726BA62950F343CCE.mft: no valid manifest available
Oct 10 09:07:17,rsync.paas.rpki.ripe.net,manifest_unavailable,MEDIUM,Oct 10 09:07:17 rpki-client: rsync.paas.rpki.ripe.net/repository/f765635d-31b9-4421-97fa-f056eb141a16/6/7ED6D46A92380955B1E440D489772C74592006C8.mft: no valid manifest available
Oct 10 09:12:36,rpki.netiface.net,manifest_unavailable,MEDIUM,Oct 10 09:12:36 rpki-client: rpki.netiface.net/repo/Civilized/0/C5947ECC8683AD0DBCD95A8F332F0CAA13574790.mft: no valid manifest available
Oct 10 09:12:40,rpki.zappiehost.com,manifest_unavailable,MEDIUM,Oct 10 09:12:40 rpki-client: rpki.zappiehost.com/repo/TERITUM_UID_18858/1/91EFE7B33A66C7FDBB711F76D87E9353E530425B.mft: no valid manifest available
Oct 10 09:12:42,rsync.paas.rpki.ripe.net,manifest_unavailable,MEDIUM,Oct 10 09:12:42 rpki-client: rsync.paas.rpki.ripe.net/repository/32bfd357-d83b-400a-8c46-4fbd1119f4a3/2/C5557C97D7BBFF47CA22AD5FB9F0589FAAF159BD.mft: no valid manifest available
Oct 10 09:13:00,rsync.paas.rpki.ripe.net,manifest_unavailable,MEDIUM,Oct 10 09:13:00 rpki-client: rsync.paas.rpki.ripe.net/repository/32bfd357-d83b-400a-8c46-4fbd1119f4a3/2/4AFA0771812E6637D8B18A1FF50F41F3498669A9.mft: no valid manifest available
Oct 10 09:13:02,rsync.paas.rpki.ripe.net,manifest_unavailable,MEDIUM,Oct 10 09:13:02 rpki-client: rsync.paas.rpki.ripe.net/repository/09f71023-9049-4ecb-a8a5-7f08d8ead676/0/5F01AE1836D7DA777EBB90A1EA97D37C300118E8.mft: no valid manifest available
Oct 10 09:13:05,rsync.paas.rpki.ripe.net,manifest_unavailable,MEDIUM,Oct 10 09:13:05 rpki-client: rsync.paas.rpki.ripe.net/repository/240ce547-40ef-4f04-95be-088f3bc02503/0/10DAC6AAF940C7C5FF1B83ECA3526D46BA475093.mft: no valid manifest available
Oct 10 09:13:07,oto.wakuwaku.ne.jp,manifest_unavailable,MEDIUM,Oct 10 09:13:07 rpki-client: oto.wakuwaku.ne.jp/pki/202400/2/93315FBBDD477E024849BB6F66D8FB94395F6350.mft: no valid manifest available
Oct 10 09:13:09,oto.wakuwaku.ne.jp,manifest_unavailable,MEDIUM,Oct 10 09:13:09 rpki-client: oto.wakuwaku.ne.jp/pki/simple/0/398357E569F1D4C03D26A7636E00D36AB796A703.mft: no valid manifest available
Oct 10 09:13:15,rsync.rpki.tianhai.link,manifest_unavailable,MEDIUM,Oct 10 09:13:15 rpki-client: rsync.rpki.tianhai.link/repo/TianhaiRpki/2/3E32DA3B9DC955F96CF1BF58C5748B7B80FCB798.mft: no valid manifest available
Oct 10 09:13:21,rsync.paas.rpki.ripe.net,manifest_unavailable,MEDIUM,Oct 10 09:13:21 rpki-client: rsync.paas.rpki.ripe.net/repository/c58479df-f5b7-4453-92bf-de1f61b3d4b0/0/C3D6B867FF984DC7C5EACCD2DA3F92CF3C677DAB.mft: no valid manifest available
Oct 10 09:13:22,rpki.0i1.eu,manifest_unavailable,MEDIUM,Oct 10 09:13:22 rpki-client: rpki.0i1.eu/repo/h45/0/7C5CDC3FD51653B5120B4EBEDD2FA382240A5868.mft: no valid manifest available
Oct 10 09:13:30,rpki.netiface.net,manifest_unavailable,MEDIUM,Oct 10 09:13:30 rpki-client: rpki.netiface.net/repo/Civilized/0/593E81C92EF98F9130AC43641AAE8022546E9F4A.mft: no valid manifest available
Oct 10 09:13:30,rsync.rpki.tianhai.link,manifest_unavailable,MEDIUM,Oct 10 09:13:30 rpki-client: rsync.rpki.tianhai.link/repo/TianhaiRpki/1/911E180145E68F7315DA3AB2200D186671FFE75B.mft: no valid manifest available
Oct 10 09:13:31,rpki.athene-center.net,manifest_unavailable,MEDIUM,Oct 10 09:13:31 rpki-client: rpki.athene-center.net/repo/rpki-athene-center/0/EE092D6ECB52BC99A39FA6677AFBEE9E41BAE0D9.mft: no valid manifest available
Oct 10 09:13:44,krill.ca-bc-01.ssmidge.xyz,manifest_unavailable,MEDIUM,Oct 10 09:13:44 rpki-client: krill.ca-bc-01.ssmidge.xyz/repo/SsmidgeLLC/5/CBE297A17EE04D76DA67AFE168009CB774BDDE45.mft: no valid manifest available
Oct 10 09:13:44,rsync.rpki.tianhai.link,manifest_unavailable,MEDIUM,Oct 10 09:13:44 rpki-client: rsync.rpki.tianhai.link/repo/TianhaiRpki/0/3CDEC27384AADE5CA0809FD6F16D2BCA18BEB659.mft: no valid manifest available
Oct 10 09:13:46,rpki.admin.freerangecloud.com,manifest_unavailable,MEDIUM,Oct 10 09:13:46 rpki-client: rpki.admin.freerangecloud.com/repo/FRC-CA/5/7EA5316DBDAC01CD05D0EAA05A89C04DA3E7398F.mft: no valid manifest available
Oct 10 09:13:49,repo.rpki.space,manifest_unavailable,MEDIUM,Oct 10 09:13:49 rpki-client: repo.rpki.space/repo/Pfcloud/1/28D23EC5E787AAAE052A8773FD9DFEC5B1FBC3A2.mft: no valid manifest available
Oct 10 09:13:49,pub.krill.ausra.cloud,manifest_unavailable,MEDIUM,Oct 10 09:13:49 rpki-client: pub.krill.ausra.cloud/repo/Ausra-Systems-Internal-CA/0/B32E3E3753E1C34EB8EC09DDA363F06C67B7DB8A.mft: no valid manifest available
Oct 10 09:13:50,repo.rpki.space,manifest_unavailable,MEDIUM,Oct 10 09:13:50 rpki-client: repo.rpki.space/repo/Infiniroute/1/5B8E21C6890BD79AB764D91B60C39C3B7E4985E1.mft: no valid manifest available
Oct 10 09:13:54,krill.signalx.cloud,manifest_unavailable,MEDIUM,Oct 10 09:13:54 rpki-client: krill.signalx.cloud/repo/signalx-rpki/4/02B5CF163150ADD82E90362AE55F3173D9749F05.mft: no valid manifest available
Oct 10 09:13:59,krill.signalx.cloud,manifest_unavailable,MEDIUM,Oct 10 09:13:59 rpki-client: krill.signalx.cloud/repo/signalx-rpki/6/88332C8750CC71629E694FDDB3615AE083589921.mft: no valid manifest available
Oct 10 09:14:01,repo.rpki.space,manifest_unavailable,MEDIUM,Oct 10 09:14:01 rpki-client: repo.rpki.space/repo/Infiniroute/2/6DCA9DDA0262FADDF34A1B5C19C01825F36B0DE4.mft: no valid manifest available
Oct 10 09:14:01,rpki-rsync.warpnet.xyz,manifest_unavailable,MEDIUM,Oct 10 09:14:01 rpki-client: rpki-rsync.warpnet.xyz/repo/warpnet/0/B4B74ED94183CC06A35C95C5B7096B7C0EF04944.mft: no valid manifest available
Oct 10 09:14:06,rpki.leitecastro.com,manifest_unavailable,MEDIUM,Oct 10 09:14:06 rpki-client: rpki.leitecastro.com/repo/CASTRO-INTERNET/0/BC5BDB97E9476F50638158886D4D97026A5B7AA6.mft: no valid manifest available
Oct 10 09:15:29,rpki.zappiehost.com,manifest_unavailable,MEDIUM,Oct 10 09:15:29 rpki-client: rpki.zappiehost.com/repo/TERITUM_UID_18858/2/39AEFE2BA3F5A831FA397B7789C10D57E5D8BAD5.mft: no valid manifest available
Oct 10 09:15:29,krill.signalx.cloud,manifest_unavailable,MEDIUM,Oct 10 09:15:29 rpki-client: krill.signalx.cloud/repo/signalx-rpki/3/8770188F7F0D18A86637EF0EE75EE2B70D810A7C.mft: no valid manifest available
Oct 10 09:15:29,krill.rg.net,manifest_unavailable,MEDIUM,Oct 10 09:15:29 rpki-client: krill.rg.net/repo/rpki-beacons-ca/0/656E4422ABF129649200EB019A815F2B12236E92.mft: no valid manifest available
Oct 10 09:21:34,repo.rpki.space,manifest_unavailable,MEDIUM,Oct 10 09:21:34 rpki-client: repo.rpki.space/repo/Netiface/1/FBF78E5DA5B5D6AD4E2F932634206B133CCBFD25.mft: no valid manifest available
Oct 10 09:21:34,rpki.leitecastro.com,manifest_unavailable,MEDIUM,Oct 10 09:21:34 rpki-client: rpki.leitecastro.com/repo/CASTRO-INTERNET/1/A1564CCE2E9C7324D318FCB4A08A00BB09F3B469.mft: no valid manifest available
Oct 10 09:21:34,rpki.admin.freerangecloud.com,manifest_unavailable,MEDIUM,Oct 10 09:21:34 rpki-client: rpki.admin.freerangecloud.com/repo/FRC-CA/7/FA048AF3EA62E5575B4698C5CC2403982893F0C5.mft: no valid manifest available
Oct 10 09:21:34,rpki.admin.freerangecloud.com,manifest_unavailable,MEDIUM,Oct 10 09:21:34 rpki-client: rpki.admin.freerangecloud.com/repo/FRC-CA/3/A0DF8EB28D12F9CDF7A68B3DC7A56576748B2E54.mft: no valid manifest available
Oct 10 09:21:34,rpki.admin.freerangecloud.com,manifest_unavailable,MEDIUM,Oct 10 09:21:34 rpki-client: rpki.admin.freerangecloud.com/repo/FRC-CA/6/75E8A027E92C15B9414A59AC096BD4634B906914.mft: no valid manifest available
Oct 10 09:21:34,rpki-rps.arin.net,manifest_unavailable,MEDIUM,Oct 10 09:21:34 rpki-client: rpki-rps.arin.net/repository/8a848adf8f0b806c018fa5136e29184a/1/2AAC42AB07A1BF97E63560510DCB7B28CE11B9EC.mft: no valid manifest available
Oct 10 09:21:34,rpki.sailx.co,manifest_unavailable,MEDIUM,Oct 10 09:21:34 rpki-client: rpki.sailx.co/repo/Sail-Internet-Inc/0/DFC5509768EA587E638D20680032E0FF122BD25A.mft: no valid manifest available
Oct 10 09:21:42,rpki.admin.freerangecloud.com,manifest_unavailable,MEDIUM,Oct 10 09:21:42 rpki-client: rpki.admin.freerangecloud.com/repo/FRC-CA/0/C8935FDCA5028AE8209FEC82AD8AE8CFB7C6E776.mft: no valid manifest available
Oct 10 09:21:56,krill.ca-bc-01.ssmidge.xyz,manifest_unavailable,MEDIUM,Oct 10 09:21:56 rpki-client: krill.ca-bc-01.ssmidge.xyz/repo/SsmidgeLLC/4/7014A80340764DCFEEC196466A7A4EB1A76C9469.mft: no valid manifest available
Oct 10 09:21:56,krill.ca-bc-01.ssmidge.xyz,manifest_unavailable,MEDIUM,Oct 10 09:21:56 rpki-client: krill.ca-bc-01.ssmidge.xyz/repo/AS199177/1/ABC3F3F257AB62A5C3E4FFB5FC64C5D2DF7EAD40.mft: no valid manifest available
Oct 10 09:21:56,krill.ca-bc-01.ssmidge.xyz,manifest_unavailable,MEDIUM,Oct 10 09:21:56 rpki-client: krill.ca-bc-01.ssmidge.xyz/repo/SsmidgeLLC/3/5344A7147C3BDF128B91CB0E4B659E3DA3046121.mft: no valid manifest available
Oct 10 09:21:56,krill.ca-bc-01.ssmidge.xyz,manifest_unavailable,MEDIUM,Oct 10 09:21:56 rpki-client: krill.ca-bc-01.ssmidge.xyz/repo/SsmidgeLLC/2/EEF3EC40152A747D52835AE8973E7DC8C193A840.mft: no valid manifest available
Oct 10 09:09:09,rsync.paas.rpki.ripe.net,unexpected_manifest_number,LOW,"Oct 10 09:09:09 rpki-client: .rrdp/7FCA1FB9413F98018210E7533C4C3C6B231599C6B44A6F85730392A79818A2EA/rsync.paas.rpki.ripe.net/repository/e30de84b-400a-4fd1-ab8a-e7616e245b49/0/F1D0572FE72991BD32854BAC716676EBDAD22ACE.mft: unexpected manifest number (want >= #0265, got #0262)"
Oct 10 09:18:18,rpki-repo.registro.br,unexpected_manifest_number,LOW,"Oct 10 09:18:18 rpki-client: .rrdp/198613F16D61D95B77329EB7ACDB3E1F8D1F0EC2B75E9510A7F7EACC7C3EBE19/rpki-repo.registro.br/repo/GzJa4casvhcjD2hnHm5jAawctRkNagGnLB653uq8HDcN/1/BBED0BD75CAD3A303EC72F1AD0B2365EE95D390F.mft: unexpected manifest number (want >= #02DA, got #0266)"
Oct 10 09:18:18,rpki-repo.registro.br,unexpected_manifest_number,LOW,"Oct 10 09:18:18 rpki-client: .rrdp/198613F16D61D95B77329EB7ACDB3E1F8D1F0EC2B75E9510A7F7EACC7C3EBE19/rpki-repo.registro.br/repo/C514coYEexrxv39oTKuNiJmKkE1Mhqyja9Ns3stH3x3C/1/C95BCD8741F1697313471305FEAAAF3DA02061D6.mft: unexpected manifest number (want >= #02DA, got #0267)"
Oct 10 09:18:18,rpki-repo.registro.br,unexpected_manifest_number,LOW,"Oct 10 09:18:18 rpki-client: .rrdp/198613F16D61D95B77329EB7ACDB3E1F8D1F0EC2B75E9510A7F7EACC7C3EBE19/rpki-repo.registro.br/repo/5uoef8oNQrTCLDFNvGuTPY9sqXxK9XXbH4BmwAk11e7b/1/FFC6D87C33255DE718EF9A38A927C4C09C5A2A27.mft: unexpected manifest number (want >= #02DC, got #0265)"
Oct 10 09:18:18,rpki-repo.registro.br,unexpected_manifest_number,LOW,"Oct 10 09:18:18 rpki-client: .rrdp/198613F16D61D95B77329EB7ACDB3E1F8D1F0EC2B75E9510A7F7EACC7C3EBE19/rpki-repo.registro.br/repo/Brv3fshLN9xi4v8TYPcMD1fCh9NMkU8kCk3ZUQqbe2qk/1/1B92E5F532F4DB8BC3B6319AF0D8C1D00A986AAE.mft: unexpected manifest number (want >= #02DA, got #0268)"
Oct 10 09:18:20,rpki-repo.registro.br,unexpected_manifest_number,LOW,"Oct 10 09:18:20 rpki-client: .rrdp/198613F16D61D95B77329EB7ACDB3E1F8D1F0EC2B75E9510A7F7EACC7C3EBE19/rpki-repo.registro.br/repo/GC5q79XxcojkP7f4rnW277ADxFX1vMcQdAmf8LEZuamm/1/E098A6AE917635C7EC4C1C9E0654AC745C42D2D0.mft: unexpected manifest number (want >= #02DC, got #0265)"
Oct 10 09:18:20,rpki-repo.registro.br,unexpected_manifest_number,LOW,"Oct 10 09:18:20 rpki-client: .rrdp/198613F16D61D95B77329EB7ACDB3E1F8D1F0EC2B75E9510A7F7EACC7C3EBE19/rpki-repo.registro.br/repo/66Racr86XFkPboVSwfCsfeCSoMjVah8GzLzgZDuKQguC/1/82570D137F4A2CB963DFFC57F5D09035250E3A33.mft: unexpected manifest number (want >= #02DA, got #0263)"
Oct 10 09:18:21,rpki-repo.registro.br,unexpected_manifest_number,LOW,"Oct 10 09:18:21 rpki-client: .rrdp/198613F16D61D95B77329EB7ACDB3E1F8D1F0EC2B75E9510A7F7EACC7C3EBE19/rpki-repo.registro.br/repo/7YrTCJdNiPg4skYrtBotPzKFXjfveoccrjYjqqC6GuYW/1/F45C6CE4C4413F6E8DA0DE820A50034741216AB0.mft: unexpected manifest number (want >= #02DB, got #0268)"
Oct 10 09:18:21,rpki-repo.registro.br,unexpected_manifest_number,LOW,"Oct 10 09:18:21 rpki-client: .rrdp/198613F16D61D95B77329EB7ACDB3E1F8D1F0EC2B75E9510A7F7EACC7C3EBE19/rpki-repo.registro.br/repo/8uLpsbFtPnQMZGNDFYqbHd1kRKKFqoJhLae957tQQtPx/1/BAE765972DA3D51F7AB70A1D27716AF50D94C94B.mft: unexpected manifest number (want >= #02DB, got #0269)"
Oct 10 09:18:21,rpki-repo.registro.br,unexpected_manifest_number,LOW,"Oct 10 09:18:21 rpki-client: .rrdp/198613F16D61D95B77329EB7ACDB3E1F8D1F0EC2B75E9510A7F7EACC7C3EBE19/rpki-repo.registro.br/repo/ELnYhLVpUKUPfNiEYnfytHcTFQGzbr3NpwbNoQQ6tiCH/1/1C6519ED9E5FBAD331082D21DE33E5958EDD80C4.mft: unexpected manifest number (want >= #02DA, got #0268)"
Oct 10 09:18:22,rpki-repo.registro.br,unexpected_manifest_number,LOW,"Oct 10 09:18:22 rpki-client: .rrdp/198613F16D61D95B77329EB7ACDB3E1F8D1F0EC2B75E9510A7F7EACC7C3EBE19/rpki-repo.registro.br/repo/Eeb31W3k2jdxkQs1iaT5TxPqLVmrAJPviY4vr33peyeY/0/5BC8816E5F10EDCE5DE587082C0BEA74FD22C03E.mft: unexpected manifest number (want >= #A4, got #35)"
Oct 10 09:18:23,rpki-repo.registro.br,unexpected_manifest_number,LOW,"Oct 10 09:18:23 rpki-client: .rrdp/198613F16D61D95B77329EB7ACDB3E1F8D1F0EC2B75E9510A7F7EACC7C3EBE19/rpki-repo.registro.br/repo/BeVfxV1hAn3FurdeY9HhL1oFPfdKYdXcQYnjYC6cm6X3/1/AFF2DE84A16AAF6B11BE71E4165A53F8A3AC197E.mft: unexpected manifest number (want >= #02DC, got #0265)"
Oct 10 09:18:24,rpki-repo.registro.br,unexpected_manifest_number,LOW,"Oct 10 09:18:24 rpki-client: .rrdp/198613F16D61D95B77329EB7ACDB3E1F8D1F0EC2B75E9510A7F7EACC7C3EBE19/rpki-repo.registro.br/repo/Fm49kGxNCMffxFq7Kxo87HAhnuVoQfWLXiSUPcVYz7LA/1/BE92508DBF6757ABDFF51EA95A61411D3261EEF3.mft: unexpected manifest number (want >= #02DB, got #0266)"
Oct 10 09:18:25,rpki-repo.registro.br,unexpected_manifest_number,LOW,"Oct 10 09:18:25 rpki-client: .rrdp/198613F16D61D95B77329EB7ACDB3E1F8D1F0EC2B75E9510A7F7EACC7C3EBE19/rpki-repo.registro.br/repo/2oYMq9NoN8M86iTM9oPpvNQLxQX8GEuPLsMNKyUFBhAe/1/76E18684CB0B1A079ED243908D2E3D3D2B78A1AF.mft: unexpected manifest number (want >= #02DB, got #0268)"
Oct 10 09:18:25,rpki-repo.registro.br,unexpected_manifest_number,LOW,"Oct 10 09:18:25 rpki-client: .rrdp/198613F16D61D95B77329EB7ACDB3E1F8D1F0EC2B75E9510A7F7EACC7C3EBE19/rpki-repo.registro.br/repo/6cvuwNhv6U5c6eEDaBX58RixD81AkdHLGi1ZS9JGP6kj/0/A44F5B72C12018CDD9EF99AB3EC5B272BFD038E7.mft: unexpected manifest number (want >= #74, got #05)"
Oct 10 09:18:25,rpki-repo.registro.br,unexpected_manifest_number,LOW,"Oct 10 09:18:25 rpki-client: .rrdp/198613F16D61D95B77329EB7ACDB3E1F8D1F0EC2B75E9510A7F7EACC7C3EBE19/rpki-repo.registro.br/repo/Hnn3ReVmrZArAcBs9miuXMwZTic9hRAnF1tgnNNjRJcx/0/DED9E8FD1D2DB868985876502664A4CA2989C2CF.mft: unexpected manifest number (want >= #34, got #24)"
Oct 10 09:11:29,rpki-repo.registro.br,unexpected_manifest_number,LOW,"Oct 10 09:11:29 rpki-client: .rsync/rpki-repo.registro.br/repo/GC5q79XxcojkP7f4rnW277ADxFX1vMcQdAmf8LEZuamm/1/E098A6AE917635C7EC4C1C9E0654AC745C42D2D0.mft: unexpected manifest number (want >= #02DC, got #0265)"
Oct 10 09:11:29,rpki-repo.registro.br,unexpected_manifest_number,LOW,"Oct 10 09:11:29 rpki-client: .rsync/rpki-repo.registro.br/repo/GzJa4casvhcjD2hnHm5jAawctRkNagGnLB653uq8HDcN/1/BBED0BD75CAD3A303EC72F1AD0B2365EE95D390F.mft: unexpected manifest number (want >= #02DA, got #0266)"
Oct 10 09:11:30,rpki-repo.registro.br,unexpected_manifest_number,LOW,"Oct 10 09:11:30 rpki-client: .rsync/rpki-repo.registro.br/repo/66Racr86XFkPboVSwfCsfeCSoMjVah8GzLzgZDuKQguC/1/82570D137F4A2CB963DFFC57F5D09035250E3A33.mft: unexpected manifest number (want >= #02DA, got #0263)"
Oct 10 09:11:30,rpki-repo.registro.br,unexpected_manifest_number,LOW,"Oct 10 09:11:30 rpki-client: .rsync/rpki-repo.registro.br/repo/2oYMq9NoN8M86iTM9oPpvNQLxQX8GEuPLsMNKyUFBhAe/1/76E18684CB0B1A079ED243908D2E3D3D2B78A1AF.mft: unexpected manifest number (want >= #02DB, got #0268)"
Oct 10 09:11:34,rpki-repo.registro.br,unexpected_manifest_number,LOW,"Oct 10 09:11:34 rpki-client: .rsync/rpki-repo.registro.br/repo/7YrTCJdNiPg4skYrtBotPzKFXjfveoccrjYjqqC6GuYW/1/F45C6CE4C4413F6E8DA0DE820A50034741216AB0.mft: unexpected manifest number (want >= #02DB, got #0268)"
Oct 10 09:11:36,rpki-repo.registro.br,unexpected_manifest_number,LOW,"Oct 10 09:11:36 rpki-client: .rsync/rpki-repo.registro.br/repo/8uLpsbFtPnQMZGNDFYqbHd1kRKKFqoJhLae957tQQtPx/1/BAE765972DA3D51F7AB70A1D27716AF50D94C94B.mft: unexpected manifest number (want >= #02DB, got #0269)"
Oct 10 09:11:38,rpki-repo.registro.br,unexpected_manifest_number,LOW,"Oct 10 09:11:38 rpki-client: .rsync/rpki-repo.registro.br/repo/Fm49kGxNCMffxFq7Kxo87HAhnuVoQfWLXiSUPcVYz7LA/1/BE92508DBF6757ABDFF51EA95A61411D3261EEF3.mft: unexpected manifest number (want >= #02DB, got #0266)"
Oct 10 09:11:40,rpki-repo.registro.br,unexpected_manifest_number,LOW,"Oct 10 09:11:40 rpki-client: .rsync/rpki-repo.registro.br/repo/6cvuwNhv6U5c6eEDaBX58RixD81AkdHLGi1ZS9JGP6kj/0/A44F5B72C12018CDD9EF99AB3EC5B272BFD038E7.mft: unexpected manifest number (want >= #74, got #05)"
Oct 10 09:11:41,rpki-repo.registro.br,unexpected_manifest_number,LOW,"Oct 10 09:11:41 rpki-client: .rsync/rpki-repo.registro.br/repo/Eeb31W3k2jdxkQs1iaT5TxPqLVmrAJPviY4vr33peyeY/0/5BC8816E5F10EDCE5DE587082C0BEA74FD22C03E.mft: unexpected manifest number (want >= #A4, got #35)"
Oct 10 09:11:41,rpki-repo.registro.br,unexpected_manifest_number,LOW,"Oct 10 09:11:41 rpki-client: .rsync/rpki-repo.registro.br/repo/ELnYhLVpUKUPfNiEYnfytHcTFQGzbr3NpwbNoQQ6tiCH/1/1C6519ED9E5FBAD331082D21DE33E5958EDD80C4.mft: unexpected manifest number (want >= #02DA, got #0268)"
Oct 10 09:11:41,rpki-repo.registro.br,unexpected_manifest_number,LOW,"Oct 10 09:11:41 rpki-client: .rsync/rpki-repo.registro.br/repo/C514coYEexrxv39oTKuNiJmKkE1Mhqyja9Ns3stH3x3C/1/C95BCD8741F1697313471305FEAAAF3DA02061D6.mft: unexpected manifest number (want >= #02DA, got #0267)"
Oct 10 09:11:42,rpki-repo.registro.br,unexpected_manifest_number,LOW,"Oct 10 09:11:42 rpki-client: .rsync/rpki-repo.registro.br/repo/Brv3fshLN9xi4v8TYPcMD1fCh9NMkU8kCk3ZUQqbe2qk/1/1B92E5F532F4DB8BC3B6319AF0D8C1D00A986AAE.mft: unexpected manifest number (want >= #02DA, got #0268)"
Oct 10 09:11:42,rpki-repo.registro.br,unexpected_manifest_number,LOW,"Oct 10 09:11:42 rpki-client: .rsync/rpki-repo.registro.br/repo/5uoef8oNQrTCLDFNvGuTPY9sqXxK9XXbH4BmwAk11e7b/1/FFC6D87C33255DE718EF9A38A927C4C09C5A2A27.mft: unexpected manifest number (want >= #02DC, got #0265)"
Oct 10 09:11:42,rpki-repo.registro.br,unexpected_manifest_number,LOW,"Oct 10 09:11:42 rpki-client: .rsync/rpki-repo.registro.br/repo/BeVfxV1hAn3FurdeY9HhL1oFPfdKYdXcQYnjYC6cm6X3/1/AFF2DE84A16AAF6B11BE71E4165A53F8A3AC197E.mft: unexpected manifest number (want >= #02DC, got #0265)"
Oct 10 09:11:43,rpki-repo.registro.br,unexpected_manifest_number,LOW,"Oct 10 09:11:43 rpki-client: .rsync/rpki-repo.registro.br/repo/Hnn3ReVmrZArAcBs9miuXMwZTic9hRAnF1tgnNNjRJcx/0/DED9E8FD1D2DB868985876502664A4CA2989C2CF.mft: unexpected manifest number (want >= #34, got #24)"
Oct 10 09:13:18,rsync.paas.rpki.ripe.net,unexpected_manifest_number,LOW,"Oct 10 09:13:18 rpki-client: .rsync/rsync.paas.rpki.ripe.net/repository/e30de84b-400a-4fd1-ab8a-e7616e245b49/0/F1D0572FE72991BD32854BAC716676EBDAD22ACE.mft: unexpected manifest number (want >= #0265, got #0262)"
Oct 10 09:11:18,ca.rg.net,invalid_vcard,LOW,Oct 10 09:11:18 rpki-client: ca.rg.net/rpki/RGnet-OU/laI1_vEYtlNzj-K0SXR_yGpd1TA.gbr: Ghostbusters record with invalid vCard
Oct 10 09:14:35,ca.rg.net,invalid_vcard,LOW,Oct 10 09:14:35 rpki-client: ca.rg.net/rpki/RGnet-OU/laI1_vEYtlNzj-K0SXR_yGpd1TA.gbr: Ghostbusters record with invalid vCard
Oct 10 09:17:56,rpki.cnnic.cn,rfc3779_resource_violation,HIGH,Oct 10 09:17:56 rpki-client: .rrdp/B8F24A9D701C0FA9BC46D97164BAF1C97CC608A7211B021A0CC972EA5BFCD2AC/rpki.cnnic.cn/rpki/A9162E3D0000/76/3E83x9fF4STcZz4iO6de9CEYMn0.roa: RFC 3779 resource not subset of parent's resources
Oct 10 09:17:56,rpki.cnnic.cn,rfc3779_resource_violation,HIGH,Oct 10 09:17:56 rpki-client: .rrdp/B8F24A9D701C0FA9BC46D97164BAF1C97CC608A7211B021A0CC972EA5BFCD2AC/rpki.cnnic.cn/rpki/A9162E3D0000/1663/a5LdS5huEK0w9f2ti7N9nsHD1kk.roa: RFC 3779 resource not subset of parent's resources
Oct 10 09:17:56,rpki.cnnic.cn,rfc3779_resource_violation,HIGH,Oct 10 09:17:56 rpki-client: .rrdp/B8F24A9D701C0FA9BC46D97164BAF1C97CC608A7211B021A0CC972EA5BFCD2AC/rpki.cnnic.cn/rpki/A9162E3D0000/1663/AdGL_bLm2jcO_KM9QBUlBrAMBks.roa: RFC 3779 resource not subset of parent's resources
Oct 10 09:17:56,rpki.cnnic.cn,rfc3779_resource_violation,HIGH,Oct 10 09:17:56 rpki-client: .rrdp/B8F24A9D701C0FA9BC46D97164BAF1C97CC608A7211B021A0CC972EA5BFCD2AC/rpki.cnnic.cn/rpki/A9162E3D0000/1663/uRtkjrjEsJq8wpvginMANAIckkI.roa: RFC 3779 resource not subset of parent's resources
Oct 10 09:17:56,rpki.cnnic.cn,rfc3779_resource_violation,HIGH,Oct 10 09:17:56 rpki-client: .rrdp/B8F24A9D701C0FA9BC46D97164BAF1C97CC608A7211B021A0CC972EA5BFCD2AC/rpki.cnnic.cn/rpki/A9162E3D0000/1663/aarXU8HCusOY6AyoNMkt_mDVqYQ.roa: RFC 3779 resource not subset of parent's resources
Oct 10 09:17:56,rpki.cnnic.cn,rfc3779_resource_violation,HIGH,Oct 10 09:17:56 rpki-client: .rrdp/B8F24A9D701C0FA9BC46D97164BAF1C97CC608A7211B021A0CC972EA5BFCD2AC/rpki.cnnic.cn/rpki/A9162E3D0000/1663/EwXeQ16C6bXH9AVJT0V_YoeVdpw.roa: RFC 3779 resource not subset of parent's resources
Oct 10 09:17:56,rpki.cnnic.cn,rfc3779_resource_violation,HIGH,Oct 10 09:17:56 rpki-client: .rrdp/B8F24A9D701C0FA9BC46D97164BAF1C97CC608A7211B021A0CC972EA5BFCD2AC/rpki.cnnic.cn/rpki/A9162E3D0000/3098/zMLwu7Ps_K6mRexfua5XyN-1NeE.roa: RFC 3779 resource not subset of parent's resources
Oct 10 09:17:56,rpki.cnnic.cn,rfc3779_resource_violation,HIGH,Oct 10 09:17:56 rpki-client: .rrdp/B8F24A9D701C0FA9BC46D97164BAF1C97CC608A7211B021A0CC972EA5BFCD2AC/rpki.cnnic.cn/rpki/A9162E3D0000/3098/ml9CwhlMDnMsbVFqtEb6-HYe6-g.roa: RFC 3779 resource not subset of parent's resources
Oct 10 09:07:43,rpki.cnnic.cn,rfc3779_resource_violation,HIGH,Oct 10 09:07:43 rpki-client: .rsync/rpki.cnnic.cn/rpki/A9162E3D0000/3098/zMLwu7Ps_K6mRexfua5XyN-1NeE.roa: RFC 3779 resource not subset of parent's resources
Oct 10 09:07:43,rpki.cnnic.cn,rfc3779_resource_violation,HIGH,Oct 10 09:07:43 rpki-client: .rsync/rpki.cnnic.cn/rpki/A9162E3D0000/3098/ml9CwhlMDnMsbVFqtEb6-HYe6-g.roa: RFC 3779 resource not subset of parent's resources
Oct 10 09:07:44,rpki.cnnic.cn,rfc3779_resource_violation,HIGH,Oct 10 09:07:44 rpki-client: .rsync/rpki.cnnic.cn/rpki/A9162E3D0000/1663/a5LdS5huEK0w9f2ti7N9nsHD1kk.roa: RFC 3779 resource not subset of parent's resources
Oct 10 09:07:44,rpki.cnnic.cn,rfc3779_resource_violation,HIGH,Oct 10 09:07:44 rpki-client: .rsync/rpki.cnnic.cn/rpki/A9162E3D0000/1663/aarXU8HCusOY6AyoNMkt_mDVqYQ.roa: RFC 3779 resource not subset of parent's resources
Oct 10 09:07:44,rpki.cnnic.cn,rfc3779_resource_violation,HIGH,Oct 10 09:07:44 rpki-client: .rsync/rpki.cnnic.cn/rpki/A9162E3D0000/1663/EwXeQ16C6bXH9AVJT0V_YoeVdpw.roa: RFC 3779 resource not subset of parent's resources
Oct 10 09:07:44,rpki.cnnic.cn,rfc3779_resource_violation,HIGH,Oct 10 09:07:44 rpki-client: .rsync/rpki.cnnic.cn/rpki/A9162E3D0000/1663/AdGL_bLm2jcO_KM9QBUlBrAMBks.roa: RFC 3779 resource not subset of parent's resources
Oct 10 09:07:44,rpki.cnnic.cn,rfc3779_resource_violation,HIGH,Oct 10 09:07:44 rpki-client: .rsync/rpki.cnnic.cn/rpki/A9162E3D0000/1663/uRtkjrjEsJq8wpvginMANAIckkI.roa: RFC 3779 resource not subset of parent's resources
Oct 10 09:07:49,rpki.cnnic.cn,rfc3779_resource_violation,HIGH,Oct 10 09:07:49 rpki-client: .rsync/rpki.cnnic.cn/rpki/A9162E3D0000/76/3E83x9fF4STcZz4iO6de9CEYMn0.roa: RFC 3779 resource not subset of parent's resources
